---
name: Belgium (all)
years:
  '2011':
  - public_holiday: true
    date: '2011-01-01'
    names:
      en: New Year's Day
      nl: Nieuwjaar / Nouvel An / Neujahr
  - public_holiday: true
    date: '2011-04-24'
    names:
      en: Easter Sunday
      nl: Pasen / Pâques / Ostern
  - public_holiday: true
    date: '2011-04-25'
    names:
      en: Easter Monday
      nl: Paasmaandag / Lundi de Pâques / Ostermontag
  - public_holiday: true
    date: '2011-05-01'
    names:
      en: Labour Day
      nl: Dag van de arbeid / Fête du Travail / Tag der Arbeit
  - public_holiday: true
    date: '2011-06-02'
    names:
      en: Ascension Day
      nl: Onze Lieve Heer hemelvaart / Ascension / Christi Himmelfahrt
  - public_holiday: true
    date: '2011-06-12'
    names:
      en: Whit Sunday
      nl: Pinksteren / Pentecôte / Pfingsten
  - public_holiday: true
    date: '2011-06-13'
    names:
      en: Whit Monday
      nl: Pinkstermaandag / Lundi de Pentecôte / Pfingstmontag
  - public_holiday: true
    date: '2011-07-21'
    names:
      en: National holiday
      nl: Nationale feestdag / Fête nationale / Nationalfeiertag
  - public_holiday: true
    date: '2011-08-15'
    names:
      en: Assumption of Mary
      nl: Onze Lieve Vrouw hemelvaart / Assomption / Mariä Himmelfahrt
  - public_holiday: true
    date: '2011-11-01'
    names:
      en: All Saints' Day
      nl: Allerheiligen / Toussaint / Allerheiligen
  - public_holiday: true
    date: '2011-11-11'
    names:
      en: Armistice Day
      nl: Wapenstilstand (Belgische feestdag) / Jour de l'armistice / Waffenstillstand
  - public_holiday: true
    date: '2011-12-25'
    names:
      en: Christmas Day
      nl: Kerstmis / Noël / Weihnachten
  '2012':
  - public_holiday: true
    date: '2012-01-01'
    names:
      en: New Year's Day
      nl: Nieuwjaar / Nouvel An / Neujahr
  - public_holiday: true
    date: '2012-04-08'
    names:
      en: Easter Sunday
      nl: Pasen / Pâques / Ostern
  - public_holiday: true
    date: '2012-04-09'
    names:
      en: Easter Monday
      nl: Paasmaandag / Lundi de Pâques / Ostermontag
  - public_holiday: true
    date: '2012-05-01'
    names:
      en: Labour Day
      nl: Dag van de arbeid / Fête du Travail / Tag der Arbeit
  - public_holiday: true
    date: '2012-05-17'
    names:
      en: Ascension Day
      nl: Onze Lieve Heer hemelvaart / Ascension / Christi Himmelfahrt
  - public_holiday: true
    date: '2012-05-27'
    names:
      en: Whit Sunday
      nl: Pinksteren / Pentecôte / Pfingsten
  - public_holiday: true
    date: '2012-05-28'
    names:
      en: Whit Monday
      nl: Pinkstermaandag / Lundi de Pentecôte / Pfingstmontag
  - public_holiday: true
    date: '2012-07-21'
    names:
      en: National holiday
      nl: Nationale feestdag / Fête nationale / Nationalfeiertag
  - public_holiday: true
    date: '2012-08-15'
    names:
      en: Assumption of Mary
      nl: Onze Lieve Vrouw hemelvaart / Assomption / Mariä Himmelfahrt
  - public_holiday: true
    date: '2012-11-01'
    names:
      en: All Saints' Day
      nl: Allerheiligen / Toussaint / Allerheiligen
  - public_holiday: true
    date: '2012-11-11'
    names:
      en: Armistice Day
      nl: Wapenstilstand (Belgische feestdag) / Jour de l'armistice / Waffenstillstand
  - public_holiday: true
    date: '2012-12-25'
    names:
      en: Christmas Day
      nl: Kerstmis / Noël / Weihnachten
  '2013':
  - public_holiday: true
    date: '2013-01-01'
    names:
      en: New Year's Day
      nl: Nieuwjaar / Nouvel An / Neujahr
  - public_holiday: true
    date: '2013-03-31'
    names:
      en: Easter Sunday
      nl: Pasen / Pâques / Ostern
  - public_holiday: true
    date: '2013-04-01'
    names:
      en: Easter Monday
      nl: Paasmaandag / Lundi de Pâques / Ostermontag
  - public_holiday: true
    date: '2013-05-01'
    names:
      en: Labour Day
      nl: Dag van de arbeid / Fête du Travail / Tag der Arbeit
  - public_holiday: true
    date: '2013-05-09'
    names:
      en: Ascension Day
      nl: Onze Lieve Heer hemelvaart / Ascension / Christi Himmelfahrt
  - public_holiday: true
    date: '2013-05-19'
    names:
      en: Whit Sunday
      nl: Pinksteren / Pentecôte / Pfingsten
  - public_holiday: true
    date: '2013-05-20'
    names:
      en: Whit Monday
      nl: Pinkstermaandag / Lundi de Pentecôte / Pfingstmontag
  - public_holiday: true
    date: '2013-07-21'
    names:
      en: National holiday
      nl: Nationale feestdag / Fête nationale / Nationalfeiertag
  - public_holiday: true
    date: '2013-08-15'
    names:
      en: Assumption of Mary
      nl: Onze Lieve Vrouw hemelvaart / Assomption / Mariä Himmelfahrt
  - public_holiday: true
    date: '2013-11-01'
    names:
      en: All Saints' Day
      nl: Allerheiligen / Toussaint / Allerheiligen
  - public_holiday: true
    date: '2013-11-11'
    names:
      en: Armistice Day
      nl: Wapenstilstand (Belgische feestdag) / Jour de l'armistice / Waffenstillstand
  - public_holiday: true
    date: '2013-12-25'
    names:
      en: Christmas Day
      nl: Kerstmis / Noël / Weihnachten
  '2014':
  - public_holiday: true
    date: '2014-01-01'
    names:
      en: New Year's Day
      nl: Nieuwjaar / Nouvel An / Neujahr
  - public_holiday: true
    date: '2014-04-20'
    names:
      en: Easter Sunday
      nl: Pasen / Pâques / Ostern
  - public_holiday: true
    date: '2014-04-21'
    names:
      en: Easter Monday
      nl: Paasmaandag / Lundi de Pâques / Ostermontag
  - public_holiday: true
    date: '2014-05-01'
    names:
      en: Labour Day
      nl: Dag van de arbeid / Fête du Travail / Tag der Arbeit
  - public_holiday: true
    date: '2014-05-29'
    names:
      en: Ascension Day
      nl: Onze Lieve Heer hemelvaart / Ascension / Christi Himmelfahrt
  - public_holiday: true
    date: '2014-06-08'
    names:
      en: Whit Sunday
      nl: Pinksteren / Pentecôte / Pfingsten
  - public_holiday: true
    date: '2014-06-09'
    names:
      en: Whit Monday
      nl: Pinkstermaandag / Lundi de Pentecôte / Pfingstmontag
  - public_holiday: true
    date: '2014-07-21'
    names:
      en: National holiday
      nl: Nationale feestdag / Fête nationale / Nationalfeiertag
  - public_holiday: true
    date: '2014-08-15'
    names:
      en: Assumption of Mary
      nl: Onze Lieve Vrouw hemelvaart / Assomption / Mariä Himmelfahrt
  - public_holiday: true
    date: '2014-11-01'
    names:
      en: All Saints' Day
      nl: Allerheiligen / Toussaint / Allerheiligen
  - public_holiday: true
    date: '2014-11-11'
    names:
      en: Armistice Day
      nl: Wapenstilstand (Belgische feestdag) / Jour de l'armistice / Waffenstillstand
  - public_holiday: true
    date: '2014-12-25'
    names:
      en: Christmas Day
      nl: Kerstmis / Noël / Weihnachten
  '2015':
  - public_holiday: true
    date: '2015-01-01'
    names:
      en: New Year's Day
      nl: Nieuwjaar / Nouvel An / Neujahr
  - public_holiday: true
    date: '2015-04-05'
    names:
      en: Easter Sunday
      nl: Pasen / Pâques / Ostern
  - public_holiday: true
    date: '2015-04-06'
    names:
      en: Easter Monday
      nl: Paasmaandag / Lundi de Pâques / Ostermontag
  - public_holiday: true
    date: '2015-05-01'
    names:
      en: Labour Day
      nl: Dag van de arbeid / Fête du Travail / Tag der Arbeit
  - public_holiday: true
    date: '2015-05-14'
    names:
      en: Ascension Day
      nl: Onze Lieve Heer hemelvaart / Ascension / Christi Himmelfahrt
  - public_holiday: true
    date: '2015-05-24'
    names:
      en: Whit Sunday
      nl: Pinksteren / Pentecôte / Pfingsten
  - public_holiday: true
    date: '2015-05-25'
    names:
      en: Whit Monday
      nl: Pinkstermaandag / Lundi de Pentecôte / Pfingstmontag
  - public_holiday: true
    date: '2015-07-21'
    names:
      en: National holiday
      nl: Nationale feestdag / Fête nationale / Nationalfeiertag
  - public_holiday: true
    date: '2015-08-15'
    names:
      en: Assumption of Mary
      nl: Onze Lieve Vrouw hemelvaart / Assomption / Mariä Himmelfahrt
  - public_holiday: true
    date: '2015-11-01'
    names:
      en: All Saints' Day
      nl: Allerheiligen / Toussaint / Allerheiligen
  - public_holiday: true
    date: '2015-11-11'
    names:
      en: Armistice Day
      nl: Wapenstilstand (Belgische feestdag) / Jour de l'armistice / Waffenstillstand
  - public_holiday: true
    date: '2015-12-25'
    names:
      en: Christmas Day
      nl: Kerstmis / Noël / Weihnachten
  '2016':
  - public_holiday: true
    date: '2016-01-01'
    names:
      en: New Year's Day
      nl: Nieuwjaar / Nouvel An / Neujahr
  - public_holiday: true
    date: '2016-03-27'
    names:
      en: Easter Sunday
      nl: Pasen / Pâques / Ostern
  - public_holiday: true
    date: '2016-03-28'
    names:
      en: Easter Monday
      nl: Paasmaandag / Lundi de Pâques / Ostermontag
  - public_holiday: true
    date: '2016-05-01'
    names:
      en: Labour Day
      nl: Dag van de arbeid / Fête du Travail / Tag der Arbeit
  - public_holiday: true
    date: '2016-05-05'
    names:
      en: Ascension Day
      nl: Onze Lieve Heer hemelvaart / Ascension / Christi Himmelfahrt
  - public_holiday: true
    date: '2016-05-15'
    names:
      en: Whit Sunday
      nl: Pinksteren / Pentecôte / Pfingsten
  - public_holiday: true
    date: '2016-05-16'
    names:
      en: Whit Monday
      nl: Pinkstermaandag / Lundi de Pentecôte / Pfingstmontag
  - public_holiday: true
    date: '2016-07-21'
    names:
      en: National holiday
      nl: Nationale feestdag / Fête nationale / Nationalfeiertag
  - public_holiday: true
    date: '2016-08-15'
    names:
      en: Assumption of Mary
      nl: Onze Lieve Vrouw hemelvaart / Assomption / Mariä Himmelfahrt
  - public_holiday: true
    date: '2016-11-01'
    names:
      en: All Saints' Day
      nl: Allerheiligen / Toussaint / Allerheiligen
  - public_holiday: true
    date: '2016-11-11'
    names:
      en: Armistice Day
      nl: Wapenstilstand (Belgische feestdag) / Jour de l'armistice / Waffenstillstand
  - public_holiday: true
    date: '2016-12-25'
    names:
      en: Christmas Day
      nl: Kerstmis / Noël / Weihnachten
  '2017':
  - public_holiday: true
    date: '2017-01-01'
    names:
      en: New Year's Day
      nl: Nieuwjaar / Nouvel An / Neujahr
  - public_holiday: true
    date: '2017-04-16'
    names:
      en: Easter Sunday
      nl: Pasen / Pâques / Ostern
  - public_holiday: true
    date: '2017-04-17'
    names:
      en: Easter Monday
      nl: Paasmaandag / Lundi de Pâques / Ostermontag
  - public_holiday: true
    date: '2017-05-01'
    names:
      en: Labour Day
      nl: Dag van de arbeid / Fête du Travail / Tag der Arbeit
  - public_holiday: true
    date: '2017-05-25'
    names:
      en: Ascension Day
      nl: Onze Lieve Heer hemelvaart / Ascension / Christi Himmelfahrt
  - public_holiday: true
    date: '2017-06-04'
    names:
      en: Whit Sunday
      nl: Pinksteren / Pentecôte / Pfingsten
  - public_holiday: true
    date: '2017-06-05'
    names:
      en: Whit Monday
      nl: Pinkstermaandag / Lundi de Pentecôte / Pfingstmontag
  - public_holiday: true
    date: '2017-07-21'
    names:
      en: National holiday
      nl: Nationale feestdag / Fête nationale / Nationalfeiertag
  - public_holiday: true
    date: '2017-08-15'
    names:
      en: Assumption of Mary
      nl: Onze Lieve Vrouw hemelvaart / Assomption / Mariä Himmelfahrt
  - public_holiday: true
    date: '2017-11-01'
    names:
      en: All Saints' Day
      nl: Allerheiligen / Toussaint / Allerheiligen
  - public_holiday: true
    date: '2017-11-11'
    names:
      en: Armistice Day
      nl: Wapenstilstand (Belgische feestdag) / Jour de l'armistice / Waffenstillstand
  - public_holiday: true
    date: '2017-12-25'
    names:
      en: Christmas Day
      nl: Kerstmis / Noël / Weihnachten
  '2018':
  - public_holiday: true
    date: '2018-01-01'
    names:
      en: New Year's Day
      nl: Nieuwjaar / Nouvel An / Neujahr
  - public_holiday: true
    date: '2018-04-01'
    names:
      en: Easter Sunday
      nl: Pasen / Pâques / Ostern
  - public_holiday: true
    date: '2018-04-02'
    names:
      en: Easter Monday
      nl: Paasmaandag / Lundi de Pâques / Ostermontag
  - public_holiday: true
    date: '2018-05-01'
    names:
      en: Labour Day
      nl: Dag van de arbeid / Fête du Travail / Tag der Arbeit
  - public_holiday: true
    date: '2018-05-10'
    names:
      en: Ascension Day
      nl: Onze Lieve Heer hemelvaart / Ascension / Christi Himmelfahrt
  - public_holiday: true
    date: '2018-05-20'
    names:
      en: Whit Sunday
      nl: Pinksteren / Pentecôte / Pfingsten
  - public_holiday: true
    date: '2018-05-21'
    names:
      en: Whit Monday
      nl: Pinkstermaandag / Lundi de Pentecôte / Pfingstmontag
  - public_holiday: true
    date: '2018-07-21'
    names:
      en: National holiday
      nl: Nationale feestdag / Fête nationale / Nationalfeiertag
  - public_holiday: true
    date: '2018-08-15'
    names:
      en: Assumption of Mary
      nl: Onze Lieve Vrouw hemelvaart / Assomption / Mariä Himmelfahrt
  - public_holiday: true
    date: '2018-11-01'
    names:
      en: All Saints' Day
      nl: Allerheiligen / Toussaint / Allerheiligen
  - public_holiday: true
    date: '2018-11-11'
    names:
      en: Armistice Day
      nl: Wapenstilstand (Belgische feestdag) / Jour de l'armistice / Waffenstillstand
  - public_holiday: true
    date: '2018-12-25'
    names:
      en: Christmas Day
      nl: Kerstmis / Noël / Weihnachten
  '2019':
  - public_holiday: true
    date: '2019-01-01'
    names:
      en: New Year's Day
      nl: Nieuwjaar / Nouvel An / Neujahr
  - public_holiday: true
    date: '2019-04-21'
    names:
      en: Easter Sunday
      nl: Pasen / Pâques / Ostern
  - public_holiday: true
    date: '2019-04-22'
    names:
      en: Easter Monday
      nl: Paasmaandag / Lundi de Pâques / Ostermontag
  - public_holiday: true
    date: '2019-05-01'
    names:
      en: Labour Day
      nl: Dag van de arbeid / Fête du Travail / Tag der Arbeit
  - public_holiday: true
    date: '2019-05-30'
    names:
      en: Ascension Day
      nl: Onze Lieve Heer hemelvaart / Ascension / Christi Himmelfahrt
  - public_holiday: true
    date: '2019-06-09'
    names:
      en: Whit Sunday
      nl: Pinksteren / Pentecôte / Pfingsten
  - public_holiday: true
    date: '2019-06-10'
    names:
      en: Whit Monday
      nl: Pinkstermaandag / Lundi de Pentecôte / Pfingstmontag
  - public_holiday: true
    date: '2019-07-21'
    names:
      en: National holiday
      nl: Nationale feestdag / Fête nationale / Nationalfeiertag
  - public_holiday: true
    date: '2019-08-15'
    names:
      en: Assumption of Mary
      nl: Onze Lieve Vrouw hemelvaart / Assomption / Mariä Himmelfahrt
  - public_holiday: true
    date: '2019-11-01'
    names:
      en: All Saints' Day
      nl: Allerheiligen / Toussaint / Allerheiligen
  - public_holiday: true
    date: '2019-11-11'
    names:
      en: Armistice Day
      nl: Wapenstilstand (Belgische feestdag) / Jour de l'armistice / Waffenstillstand
  - public_holiday: true
    date: '2019-12-25'
    names:
      en: Christmas Day
      nl: Kerstmis / Noël / Weihnachten
  '2020':
  - public_holiday: true
    date: '2020-01-01'
    names:
      en: New Year's Day
      nl: Nieuwjaar / Nouvel An / Neujahr
  - public_holiday: true
    date: '2020-04-12'
    names:
      en: Easter Sunday
      nl: Pasen / Pâques / Ostern
  - public_holiday: true
    date: '2020-04-13'
    names:
      en: Easter Monday
      nl: Paasmaandag / Lundi de Pâques / Ostermontag
  - public_holiday: true
    date: '2020-05-01'
    names:
      en: Labour Day
      nl: Dag van de arbeid / Fête du Travail / Tag der Arbeit
  - public_holiday: true
    date: '2020-05-21'
    names:
      en: Ascension Day
      nl: Onze Lieve Heer hemelvaart / Ascension / Christi Himmelfahrt
  - public_holiday: true
    date: '2020-05-31'
    names:
      en: Whit Sunday
      nl: Pinksteren / Pentecôte / Pfingsten
  - public_holiday: true
    date: '2020-06-01'
    names:
      en: Whit Monday
      nl: Pinkstermaandag / Lundi de Pentecôte / Pfingstmontag
  - public_holiday: true
    date: '2020-07-21'
    names:
      en: National holiday
      nl: Nationale feestdag / Fête nationale / Nationalfeiertag
  - public_holiday: true
    date: '2020-08-15'
    names:
      en: Assumption of Mary
      nl: Onze Lieve Vrouw hemelvaart / Assomption / Mariä Himmelfahrt
  - public_holiday: true
    date: '2020-11-01'
    names:
      en: All Saints' Day
      nl: Allerheiligen / Toussaint / Allerheiligen
  - public_holiday: true
    date: '2020-11-11'
    names:
      en: Armistice Day
      nl: Wapenstilstand (Belgische feestdag) / Jour de l'armistice / Waffenstillstand
  - public_holiday: true
    date: '2020-12-25'
    names:
      en: Christmas Day
      nl: Kerstmis / Noël / Weihnachten
  '2021':
  - public_holiday: true
    date: '2021-01-01'
    names:
      en: New Year's Day
      nl: Nieuwjaar / Nouvel An / Neujahr
  - public_holiday: true
    date: '2021-04-04'
    names:
      en: Easter Sunday
      nl: Pasen / Pâques / Ostern
  - public_holiday: true
    date: '2021-04-05'
    names:
      en: Easter Monday
      nl: Paasmaandag / Lundi de Pâques / Ostermontag
  - public_holiday: true
    date: '2021-05-01'
    names:
      en: Labour Day
      nl: Dag van de arbeid / Fête du Travail / Tag der Arbeit
  - public_holiday: true
    date: '2021-05-13'
    names:
      en: Ascension Day
      nl: Onze Lieve Heer hemelvaart / Ascension / Christi Himmelfahrt
  - public_holiday: true
    date: '2021-05-23'
    names:
      en: Whit Sunday
      nl: Pinksteren / Pentecôte / Pfingsten
  - public_holiday: true
    date: '2021-05-24'
    names:
      en: Whit Monday
      nl: Pinkstermaandag / Lundi de Pentecôte / Pfingstmontag
  - public_holiday: true
    date: '2021-07-21'
    names:
      en: National holiday
      nl: Nationale feestdag / Fête nationale / Nationalfeiertag
  - public_holiday: true
    date: '2021-08-15'
    names:
      en: Assumption of Mary
      nl: Onze Lieve Vrouw hemelvaart / Assomption / Mariä Himmelfahrt
  - public_holiday: true
    date: '2021-11-01'
    names:
      en: All Saints' Day
      nl: Allerheiligen / Toussaint / Allerheiligen
  - public_holiday: true
    date: '2021-11-11'
    names:
      en: Armistice Day
      nl: Wapenstilstand (Belgische feestdag) / Jour de l'armistice / Waffenstillstand
  - public_holiday: true
    date: '2021-12-25'
    names:
      en: Christmas Day
      nl: Kerstmis / Noël / Weihnachten
  '2022':
  - public_holiday: true
    date: '2022-01-01'
    names:
      en: New Year's Day
      nl: Nieuwjaar / Nouvel An / Neujahr
  - public_holiday: true
    date: '2022-04-17'
    names:
      en: Easter Sunday
      nl: Pasen / Pâques / Ostern
  - public_holiday: true
    date: '2022-04-18'
    names:
      en: Easter Monday
      nl: Paasmaandag / Lundi de Pâques / Ostermontag
  - public_holiday: true
    date: '2022-05-01'
    names:
      en: Labour Day
      nl: Dag van de arbeid / Fête du Travail / Tag der Arbeit
  - public_holiday: true
    date: '2022-05-26'
    names:
      en: Ascension Day
      nl: Onze Lieve Heer hemelvaart / Ascension / Christi Himmelfahrt
  - public_holiday: true
    date: '2022-06-05'
    names:
      en: Whit Sunday
      nl: Pinksteren / Pentecôte / Pfingsten
  - public_holiday: true
    date: '2022-06-06'
    names:
      en: Whit Monday
      nl: Pinkstermaandag / Lundi de Pentecôte / Pfingstmontag
  - public_holiday: true
    date: '2022-07-21'
    names:
      en: National holiday
      nl: Nationale feestdag / Fête nationale / Nationalfeiertag
  - public_holiday: true
    date: '2022-08-15'
    names:
      en: Assumption of Mary
      nl: Onze Lieve Vrouw hemelvaart / Assomption / Mariä Himmelfahrt
  - public_holiday: true
    date: '2022-11-01'
    names:
      en: All Saints' Day
      nl: Allerheiligen / Toussaint / Allerheiligen
  - public_holiday: true
    date: '2022-11-11'
    names:
      en: Armistice Day
      nl: Wapenstilstand (Belgische feestdag) / Jour de l'armistice / Waffenstillstand
  - public_holiday: true
    date: '2022-12-25'
    names:
      en: Christmas Day
      nl: Kerstmis / Noël / Weihnachten
  '2023':
  - public_holiday: true
    date: '2023-01-01'
    names:
      en: New Year's Day
      nl: Nieuwjaar / Nouvel An / Neujahr
  - public_holiday: true
    date: '2023-04-09'
    names:
      en: Easter Sunday
      nl: Pasen / Pâques / Ostern
  - public_holiday: true
    date: '2023-04-10'
    names:
      en: Easter Monday
      nl: Paasmaandag / Lundi de Pâques / Ostermontag
  - public_holiday: true
    date: '2023-05-01'
    names:
      en: Labour Day
      nl: Dag van de arbeid / Fête du Travail / Tag der Arbeit
  - public_holiday: true
    date: '2023-05-18'
    names:
      en: Ascension Day
      nl: Onze Lieve Heer hemelvaart / Ascension / Christi Himmelfahrt
  - public_holiday: true
    date: '2023-05-28'
    names:
      en: Whit Sunday
      nl: Pinksteren / Pentecôte / Pfingsten
  - public_holiday: true
    date: '2023-05-29'
    names:
      en: Whit Monday
      nl: Pinkstermaandag / Lundi de Pentecôte / Pfingstmontag
  - public_holiday: true
    date: '2023-07-21'
    names:
      en: National holiday
      nl: Nationale feestdag / Fête nationale / Nationalfeiertag
  - public_holiday: true
    date: '2023-08-15'
    names:
      en: Assumption of Mary
      nl: Onze Lieve Vrouw hemelvaart / Assomption / Mariä Himmelfahrt
  - public_holiday: true
    date: '2023-11-01'
    names:
      en: All Saints' Day
      nl: Allerheiligen / Toussaint / Allerheiligen
  - public_holiday: true
    date: '2023-11-11'
    names:
      en: Armistice Day
      nl: Wapenstilstand (Belgische feestdag) / Jour de l'armistice / Waffenstillstand
  - public_holiday: true
    date: '2023-12-25'
    names:
      en: Christmas Day
      nl: Kerstmis / Noël / Weihnachten
  '2024':
  - public_holiday: true
    date: '2024-01-01'
    names:
      en: New Year's Day
      nl: Nieuwjaar / Nouvel An / Neujahr
  - public_holiday: true
    date: '2024-03-31'
    names:
      en: Easter Sunday
      nl: Pasen / Pâques / Ostern
  - public_holiday: true
    date: '2024-04-01'
    names:
      en: Easter Monday
      nl: Paasmaandag / Lundi de Pâques / Ostermontag
  - public_holiday: true
    date: '2024-05-01'
    names:
      en: Labour Day
      nl: Dag van de arbeid / Fête du Travail / Tag der Arbeit
  - public_holiday: true
    date: '2024-05-09'
    names:
      en: Ascension Day
      nl: Onze Lieve Heer hemelvaart / Ascension / Christi Himmelfahrt
  - public_holiday: true
    date: '2024-05-19'
    names:
      en: Whit Sunday
      nl: Pinksteren / Pentecôte / Pfingsten
  - public_holiday: true
    date: '2024-05-20'
    names:
      en: Whit Monday
      nl: Pinkstermaandag / Lundi de Pentecôte / Pfingstmontag
  - public_holiday: true
    date: '2024-07-21'
    names:
      en: National holiday
      nl: Nationale feestdag / Fête nationale / Nationalfeiertag
  - public_holiday: true
    date: '2024-08-15'
    names:
      en: Assumption of Mary
      nl: Onze Lieve Vrouw hemelvaart / Assomption / Mariä Himmelfahrt
  - public_holiday: true
    date: '2024-11-01'
    names:
      en: All Saints' Day
      nl: Allerheiligen / Toussaint / Allerheiligen
  - public_holiday: true
    date: '2024-11-11'
    names:
      en: Armistice Day
      nl: Wapenstilstand (Belgische feestdag) / Jour de l'armistice / Waffenstillstand
  - public_holiday: true
    date: '2024-12-25'
    names:
      en: Christmas Day
      nl: Kerstmis / Noël / Weihnachten
  '2025':
  - public_holiday: true
    date: '2025-01-01'
    names:
      en: New Year's Day
      nl: Nieuwjaar / Nouvel An / Neujahr
  - public_holiday: true
    date: '2025-04-20'
    names:
      en: Easter Sunday
      nl: Pasen / Pâques / Ostern
  - public_holiday: true
    date: '2025-04-21'
    names:
      en: Easter Monday
      nl: Paasmaandag / Lundi de Pâques / Ostermontag
  - public_holiday: true
    date: '2025-05-01'
    names:
      en: Labour Day
      nl: Dag van de arbeid / Fête du Travail / Tag der Arbeit
  - public_holiday: true
    date: '2025-05-29'
    names:
      en: Ascension Day
      nl: Onze Lieve Heer hemelvaart / Ascension / Christi Himmelfahrt
  - public_holiday: true
    date: '2025-06-08'
    names:
      en: Whit Sunday
      nl: Pinksteren / Pentecôte / Pfingsten
  - public_holiday: true
    date: '2025-06-09'
    names:
      en: Whit Monday
      nl: Pinkstermaandag / Lundi de Pentecôte / Pfingstmontag
  - public_holiday: true
    date: '2025-07-21'
    names:
      en: National holiday
      nl: Nationale feestdag / Fête nationale / Nationalfeiertag
  - public_holiday: true
    date: '2025-08-15'
    names:
      en: Assumption of Mary
      nl: Onze Lieve Vrouw hemelvaart / Assomption / Mariä Himmelfahrt
  - public_holiday: true
    date: '2025-11-01'
    names:
      en: All Saints' Day
      nl: Allerheiligen / Toussaint / Allerheiligen
  - public_holiday: true
    date: '2025-11-11'
    names:
      en: Armistice Day
      nl: Wapenstilstand (Belgische feestdag) / Jour de l'armistice / Waffenstillstand
  - public_holiday: true
    date: '2025-12-25'
    names:
      en: Christmas Day
      nl: Kerstmis / Noël / Weihnachten
  '2026':
  - public_holiday: true
    date: '2026-01-01'
    names:
      en: New Year's Day
      nl: Nieuwjaar / Nouvel An / Neujahr
  - public_holiday: true
    date: '2026-04-05'
    names:
      en: Easter Sunday
      nl: Pasen / Pâques / Ostern
  - public_holiday: true
    date: '2026-04-06'
    names:
      en: Easter Monday
      nl: Paasmaandag / Lundi de Pâques / Ostermontag
  - public_holiday: true
    date: '2026-05-01'
    names:
      en: Labour Day
      nl: Dag van de arbeid / Fête du Travail / Tag der Arbeit
  - public_holiday: true
    date: '2026-05-14'
    names:
      en: Ascension Day
      nl: Onze Lieve Heer hemelvaart / Ascension / Christi Himmelfahrt
  - public_holiday: true
    date: '2026-05-24'
    names:
      en: Whit Sunday
      nl: Pinksteren / Pentecôte / Pfingsten
  - public_holiday: true
    date: '2026-05-25'
    names:
      en: Whit Monday
      nl: Pinkstermaandag / Lundi de Pentecôte / Pfingstmontag
  - public_holiday: true
    date: '2026-07-21'
    names:
      en: National holiday
      nl: Nationale feestdag / Fête nationale / Nationalfeiertag
  - public_holiday: true
    date: '2026-08-15'
    names:
      en: Assumption of Mary
      nl: Onze Lieve Vrouw hemelvaart / Assomption / Mariä Himmelfahrt
  - public_holiday: true
    date: '2026-11-01'
    names:
      en: All Saints' Day
      nl: Allerheiligen / Toussaint / Allerheiligen
  - public_holiday: true
    date: '2026-11-11'
    names:
      en: Armistice Day
      nl: Wapenstilstand (Belgische feestdag) / Jour de l'armistice / Waffenstillstand
  - public_holiday: true
    date: '2026-12-25'
    names:
      en: Christmas Day
      nl: Kerstmis / Noël / Weihnachten
  '2027':
  - public_holiday: true
    date: '2027-01-01'
    names:
      en: New Year's Day
      nl: Nieuwjaar / Nouvel An / Neujahr
  - public_holiday: true
    date: '2027-03-28'
    names:
      en: Easter Sunday
      nl: Pasen / Pâques / Ostern
  - public_holiday: true
    date: '2027-03-29'
    names:
      en: Easter Monday
      nl: Paasmaandag / Lundi de Pâques / Ostermontag
  - public_holiday: true
    date: '2027-05-01'
    names:
      en: Labour Day
      nl: Dag van de arbeid / Fête du Travail / Tag der Arbeit
  - public_holiday: true
    date: '2027-05-06'
    names:
      en: Ascension Day
      nl: Onze Lieve Heer hemelvaart / Ascension / Christi Himmelfahrt
  - public_holiday: true
    date: '2027-05-16'
    names:
      en: Whit Sunday
      nl: Pinksteren / Pentecôte / Pfingsten
  - public_holiday: true
    date: '2027-05-17'
    names:
      en: Whit Monday
      nl: Pinkstermaandag / Lundi de Pentecôte / Pfingstmontag
  - public_holiday: true
    date: '2027-07-21'
    names:
      en: National holiday
      nl: Nationale feestdag / Fête nationale / Nationalfeiertag
  - public_holiday: true
    date: '2027-08-15'
    names:
      en: Assumption of Mary
      nl: Onze Lieve Vrouw hemelvaart / Assomption / Mariä Himmelfahrt
  - public_holiday: true
    date: '2027-11-01'
    names:
      en: All Saints' Day
      nl: Allerheiligen / Toussaint / Allerheiligen
  - public_holiday: true
    date: '2027-11-11'
    names:
      en: Armistice Day
      nl: Wapenstilstand (Belgische feestdag) / Jour de l'armistice / Waffenstillstand
  - public_holiday: true
    date: '2027-12-25'
    names:
      en: Christmas Day
      nl: Kerstmis / Noël / Weihnachten
  '2028':
  - public_holiday: true
    date: '2028-01-01'
    names:
      en: New Year's Day
      nl: Nieuwjaar / Nouvel An / Neujahr
  - public_holiday: true
    date: '2028-04-16'
    names:
      en: Easter Sunday
      nl: Pasen / Pâques / Ostern
  - public_holiday: true
    date: '2028-04-17'
    names:
      en: Easter Monday
      nl: Paasmaandag / Lundi de Pâques / Ostermontag
  - public_holiday: true
    date: '2028-05-01'
    names:
      en: Labour Day
      nl: Dag van de arbeid / Fête du Travail / Tag der Arbeit
  - public_holiday: true
    date: '2028-05-25'
    names:
      en: Ascension Day
      nl: Onze Lieve Heer hemelvaart / Ascension / Christi Himmelfahrt
  - public_holiday: true
    date: '2028-06-04'
    names:
      en: Whit Sunday
      nl: Pinksteren / Pentecôte / Pfingsten
  - public_holiday: true
    date: '2028-06-05'
    names:
      en: Whit Monday
      nl: Pinkstermaandag / Lundi de Pentecôte / Pfingstmontag
  - public_holiday: true
    date: '2028-07-21'
    names:
      en: National holiday
      nl: Nationale feestdag / Fête nationale / Nationalfeiertag
  - public_holiday: true
    date: '2028-08-15'
    names:
      en: Assumption of Mary
      nl: Onze Lieve Vrouw hemelvaart / Assomption / Mariä Himmelfahrt
  - public_holiday: true
    date: '2028-11-01'
    names:
      en: All Saints' Day
      nl: Allerheiligen / Toussaint / Allerheiligen
  - public_holiday: true
    date: '2028-11-11'
    names:
      en: Armistice Day
      nl: Wapenstilstand (Belgische feestdag) / Jour de l'armistice / Waffenstillstand
  - public_holiday: true
    date: '2028-12-25'
    names:
      en: Christmas Day
      nl: Kerstmis / Noël / Weihnachten
  '2029':
  - public_holiday: true
    date: '2029-01-01'
    names:
      en: New Year's Day
      nl: Nieuwjaar / Nouvel An / Neujahr
  - public_holiday: true
    date: '2029-04-01'
    names:
      en: Easter Sunday
      nl: Pasen / Pâques / Ostern
  - public_holiday: true
    date: '2029-04-02'
    names:
      en: Easter Monday
      nl: Paasmaandag / Lundi de Pâques / Ostermontag
  - public_holiday: true
    date: '2029-05-01'
    names:
      en: Labour Day
      nl: Dag van de arbeid / Fête du Travail / Tag der Arbeit
  - public_holiday: true
    date: '2029-05-10'
    names:
      en: Ascension Day
      nl: Onze Lieve Heer hemelvaart / Ascension / Christi Himmelfahrt
  - public_holiday: true
    date: '2029-05-20'
    names:
      en: Whit Sunday
      nl: Pinksteren / Pentecôte / Pfingsten
  - public_holiday: true
    date: '2029-05-21'
    names:
      en: Whit Monday
      nl: Pinkstermaandag / Lundi de Pentecôte / Pfingstmontag
  - public_holiday: true
    date: '2029-07-21'
    names:
      en: National holiday
      nl: Nationale feestdag / Fête nationale / Nationalfeiertag
  - public_holiday: true
    date: '2029-08-15'
    names:
      en: Assumption of Mary
      nl: Onze Lieve Vrouw hemelvaart / Assomption / Mariä Himmelfahrt
  - public_holiday: true
    date: '2029-11-01'
    names:
      en: All Saints' Day
      nl: Allerheiligen / Toussaint / Allerheiligen
  - public_holiday: true
    date: '2029-11-11'
    names:
      en: Armistice Day
      nl: Wapenstilstand (Belgische feestdag) / Jour de l'armistice / Waffenstillstand
  - public_holiday: true
    date: '2029-12-25'
    names:
      en: Christmas Day
      nl: Kerstmis / Noël / Weihnachten
  '2030':
  - public_holiday: true
    date: '2030-01-01'
    names:
      en: New Year's Day
      nl: Nieuwjaar / Nouvel An / Neujahr
  - public_holiday: true
    date: '2030-04-21'
    names:
      en: Easter Sunday
      nl: Pasen / Pâques / Ostern
  - public_holiday: true
    date: '2030-04-22'
    names:
      en: Easter Monday
      nl: Paasmaandag / Lundi de Pâques / Ostermontag
  - public_holiday: true
    date: '2030-05-01'
    names:
      en: Labour Day
      nl: Dag van de arbeid / Fête du Travail / Tag der Arbeit
  - public_holiday: true
    date: '2030-05-30'
    names:
      en: Ascension Day
      nl: Onze Lieve Heer hemelvaart / Ascension / Christi Himmelfahrt
  - public_holiday: true
    date: '2030-06-09'
    names:
      en: Whit Sunday
      nl: Pinksteren / Pentecôte / Pfingsten
  - public_holiday: true
    date: '2030-06-10'
    names:
      en: Whit Monday
      nl: Pinkstermaandag / Lundi de Pentecôte / Pfingstmontag
  - public_holiday: true
    date: '2030-07-21'
    names:
      en: National holiday
      nl: Nationale feestdag / Fête nationale / Nationalfeiertag
  - public_holiday: true
    date: '2030-08-15'
    names:
      en: Assumption of Mary
      nl: Onze Lieve Vrouw hemelvaart / Assomption / Mariä Himmelfahrt
  - public_holiday: true
    date: '2030-11-01'
    names:
      en: All Saints' Day
      nl: Allerheiligen / Toussaint / Allerheiligen
  - public_holiday: true
    date: '2030-11-11'
    names:
      en: Armistice Day
      nl: Wapenstilstand (Belgische feestdag) / Jour de l'armistice / Waffenstillstand
  - public_holiday: true
    date: '2030-12-25'
    names:
      en: Christmas Day
      nl: Kerstmis / Noël / Weihnachten
  '2031':
  - public_holiday: true
    date: '2031-01-01'
    names:
      en: New Year's Day
      nl: Nieuwjaar / Nouvel An / Neujahr
  - public_holiday: true
    date: '2031-04-13'
    names:
      en: Easter Sunday
      nl: Pasen / Pâques / Ostern
  - public_holiday: true
    date: '2031-04-14'
    names:
      en: Easter Monday
      nl: Paasmaandag / Lundi de Pâques / Ostermontag
  - public_holiday: true
    date: '2031-05-01'
    names:
      en: Labour Day
      nl: Dag van de arbeid / Fête du Travail / Tag der Arbeit
  - public_holiday: true
    date: '2031-05-22'
    names:
      en: Ascension Day
      nl: Onze Lieve Heer hemelvaart / Ascension / Christi Himmelfahrt
  - public_holiday: true
    date: '2031-06-01'
    names:
      en: Whit Sunday
      nl: Pinksteren / Pentecôte / Pfingsten
  - public_holiday: true
    date: '2031-06-02'
    names:
      en: Whit Monday
      nl: Pinkstermaandag / Lundi de Pentecôte / Pfingstmontag
  - public_holiday: true
    date: '2031-07-21'
    names:
      en: National holiday
      nl: Nationale feestdag / Fête nationale / Nationalfeiertag
  - public_holiday: true
    date: '2031-08-15'
    names:
      en: Assumption of Mary
      nl: Onze Lieve Vrouw hemelvaart / Assomption / Mariä Himmelfahrt
  - public_holiday: true
    date: '2031-11-01'
    names:
      en: All Saints' Day
      nl: Allerheiligen / Toussaint / Allerheiligen
  - public_holiday: true
    date: '2031-11-11'
    names:
      en: Armistice Day
      nl: Wapenstilstand (Belgische feestdag) / Jour de l'armistice / Waffenstillstand
  - public_holiday: true
    date: '2031-12-25'
    names:
      en: Christmas Day
      nl: Kerstmis / Noël / Weihnachten
  '2032':
  - public_holiday: true
    date: '2032-01-01'
    names:
      en: New Year's Day
      nl: Nieuwjaar / Nouvel An / Neujahr
  - public_holiday: true
    date: '2032-03-28'
    names:
      en: Easter Sunday
      nl: Pasen / Pâques / Ostern
  - public_holiday: true
    date: '2032-03-29'
    names:
      en: Easter Monday
      nl: Paasmaandag / Lundi de Pâques / Ostermontag
  - public_holiday: true
    date: '2032-05-01'
    names:
      en: Labour Day
      nl: Dag van de arbeid / Fête du Travail / Tag der Arbeit
  - public_holiday: true
    date: '2032-05-06'
    names:
      en: Ascension Day
      nl: Onze Lieve Heer hemelvaart / Ascension / Christi Himmelfahrt
  - public_holiday: true
    date: '2032-05-16'
    names:
      en: Whit Sunday
      nl: Pinksteren / Pentecôte / Pfingsten
  - public_holiday: true
    date: '2032-05-17'
    names:
      en: Whit Monday
      nl: Pinkstermaandag / Lundi de Pentecôte / Pfingstmontag
  - public_holiday: true
    date: '2032-07-21'
    names:
      en: National holiday
      nl: Nationale feestdag / Fête nationale / Nationalfeiertag
  - public_holiday: true
    date: '2032-08-15'
    names:
      en: Assumption of Mary
      nl: Onze Lieve Vrouw hemelvaart / Assomption / Mariä Himmelfahrt
  - public_holiday: true
    date: '2032-11-01'
    names:
      en: All Saints' Day
      nl: Allerheiligen / Toussaint / Allerheiligen
  - public_holiday: true
    date: '2032-11-11'
    names:
      en: Armistice Day
      nl: Wapenstilstand (Belgische feestdag) / Jour de l'armistice / Waffenstillstand
  - public_holiday: true
    date: '2032-12-25'
    names:
      en: Christmas Day
      nl: Kerstmis / Noël / Weihnachten
  '2033':
  - public_holiday: true
    date: '2033-01-01'
    names:
      en: New Year's Day
      nl: Nieuwjaar / Nouvel An / Neujahr
  - public_holiday: true
    date: '2033-04-17'
    names:
      en: Easter Sunday
      nl: Pasen / Pâques / Ostern
  - public_holiday: true
    date: '2033-04-18'
    names:
      en: Easter Monday
      nl: Paasmaandag / Lundi de Pâques / Ostermontag
  - public_holiday: true
    date: '2033-05-01'
    names:
      en: Labour Day
      nl: Dag van de arbeid / Fête du Travail / Tag der Arbeit
  - public_holiday: true
    date: '2033-05-26'
    names:
      en: Ascension Day
      nl: Onze Lieve Heer hemelvaart / Ascension / Christi Himmelfahrt
  - public_holiday: true
    date: '2033-06-05'
    names:
      en: Whit Sunday
      nl: Pinksteren / Pentecôte / Pfingsten
  - public_holiday: true
    date: '2033-06-06'
    names:
      en: Whit Monday
      nl: Pinkstermaandag / Lundi de Pentecôte / Pfingstmontag
  - public_holiday: true
    date: '2033-07-21'
    names:
      en: National holiday
      nl: Nationale feestdag / Fête nationale / Nationalfeiertag
  - public_holiday: true
    date: '2033-08-15'
    names:
      en: Assumption of Mary
      nl: Onze Lieve Vrouw hemelvaart / Assomption / Mariä Himmelfahrt
  - public_holiday: true
    date: '2033-11-01'
    names:
      en: All Saints' Day
      nl: Allerheiligen / Toussaint / Allerheiligen
  - public_holiday: true
    date: '2033-11-11'
    names:
      en: Armistice Day
      nl: Wapenstilstand (Belgische feestdag) / Jour de l'armistice / Waffenstillstand
  - public_holiday: true
    date: '2033-12-25'
    names:
      en: Christmas Day
      nl: Kerstmis / Noël / Weihnachten
  '2034':
  - public_holiday: true
    date: '2034-01-01'
    names:
      en: New Year's Day
      nl: Nieuwjaar / Nouvel An / Neujahr
  - public_holiday: true
    date: '2034-04-09'
    names:
      en: Easter Sunday
      nl: Pasen / Pâques / Ostern
  - public_holiday: true
    date: '2034-04-10'
    names:
      en: Easter Monday
      nl: Paasmaandag / Lundi de Pâques / Ostermontag
  - public_holiday: true
    date: '2034-05-01'
    names:
      en: Labour Day
      nl: Dag van de arbeid / Fête du Travail / Tag der Arbeit
  - public_holiday: true
    date: '2034-05-18'
    names:
      en: Ascension Day
      nl: Onze Lieve Heer hemelvaart / Ascension / Christi Himmelfahrt
  - public_holiday: true
    date: '2034-05-28'
    names:
      en: Whit Sunday
      nl: Pinksteren / Pentecôte / Pfingsten
  - public_holiday: true
    date: '2034-05-29'
    names:
      en: Whit Monday
      nl: Pinkstermaandag / Lundi de Pentecôte / Pfingstmontag
  - public_holiday: true
    date: '2034-07-21'
    names:
      en: National holiday
      nl: Nationale feestdag / Fête nationale / Nationalfeiertag
  - public_holiday: true
    date: '2034-08-15'
    names:
      en: Assumption of Mary
      nl: Onze Lieve Vrouw hemelvaart / Assomption / Mariä Himmelfahrt
  - public_holiday: true
    date: '2034-11-01'
    names:
      en: All Saints' Day
      nl: Allerheiligen / Toussaint / Allerheiligen
  - public_holiday: true
    date: '2034-11-11'
    names:
      en: Armistice Day
      nl: Wapenstilstand (Belgische feestdag) / Jour de l'armistice / Waffenstillstand
  - public_holiday: true
    date: '2034-12-25'
    names:
      en: Christmas Day
      nl: Kerstmis / Noël / Weihnachten
  '2035':
  - public_holiday: true
    date: '2035-01-01'
    names:
      en: New Year's Day
      nl: Nieuwjaar / Nouvel An / Neujahr
  - public_holiday: true
    date: '2035-03-25'
    names:
      en: Easter Sunday
      nl: Pasen / Pâques / Ostern
  - public_holiday: true
    date: '2035-03-26'
    names:
      en: Easter Monday
      nl: Paasmaandag / Lundi de Pâques / Ostermontag
  - public_holiday: true
    date: '2035-05-01'
    names:
      en: Labour Day
      nl: Dag van de arbeid / Fête du Travail / Tag der Arbeit
  - public_holiday: true
    date: '2035-05-03'
    names:
      en: Ascension Day
      nl: Onze Lieve Heer hemelvaart / Ascension / Christi Himmelfahrt
  - public_holiday: true
    date: '2035-05-13'
    names:
      en: Whit Sunday
      nl: Pinksteren / Pentecôte / Pfingsten
  - public_holiday: true
    date: '2035-05-14'
    names:
      en: Whit Monday
      nl: Pinkstermaandag / Lundi de Pentecôte / Pfingstmontag
  - public_holiday: true
    date: '2035-07-21'
    names:
      en: National holiday
      nl: Nationale feestdag / Fête nationale / Nationalfeiertag
  - public_holiday: true
    date: '2035-08-15'
    names:
      en: Assumption of Mary
      nl: Onze Lieve Vrouw hemelvaart / Assomption / Mariä Himmelfahrt
  - public_holiday: true
    date: '2035-11-01'
    names:
      en: All Saints' Day
      nl: Allerheiligen / Toussaint / Allerheiligen
  - public_holiday: true
    date: '2035-11-11'
    names:
      en: Armistice Day
      nl: Wapenstilstand (Belgische feestdag) / Jour de l'armistice / Waffenstillstand
  - public_holiday: true
    date: '2035-12-25'
    names:
      en: Christmas Day
      nl: Kerstmis / Noël / Weihnachten
  '2036':
  - public_holiday: true
    date: '2036-01-01'
    names:
      en: New Year's Day
      nl: Nieuwjaar / Nouvel An / Neujahr
  - public_holiday: true
    date: '2036-04-13'
    names:
      en: Easter Sunday
      nl: Pasen / Pâques / Ostern
  - public_holiday: true
    date: '2036-04-14'
    names:
      en: Easter Monday
      nl: Paasmaandag / Lundi de Pâques / Ostermontag
  - public_holiday: true
    date: '2036-05-01'
    names:
      en: Labour Day
      nl: Dag van de arbeid / Fête du Travail / Tag der Arbeit
  - public_holiday: true
    date: '2036-05-22'
    names:
      en: Ascension Day
      nl: Onze Lieve Heer hemelvaart / Ascension / Christi Himmelfahrt
  - public_holiday: true
    date: '2036-06-01'
    names:
      en: Whit Sunday
      nl: Pinksteren / Pentecôte / Pfingsten
  - public_holiday: true
    date: '2036-06-02'
    names:
      en: Whit Monday
      nl: Pinkstermaandag / Lundi de Pentecôte / Pfingstmontag
  - public_holiday: true
    date: '2036-07-21'
    names:
      en: National holiday
      nl: Nationale feestdag / Fête nationale / Nationalfeiertag
  - public_holiday: true
    date: '2036-08-15'
    names:
      en: Assumption of Mary
      nl: Onze Lieve Vrouw hemelvaart / Assomption / Mariä Himmelfahrt
  - public_holiday: true
    date: '2036-11-01'
    names:
      en: All Saints' Day
      nl: Allerheiligen / Toussaint / Allerheiligen
  - public_holiday: true
    date: '2036-11-11'
    names:
      en: Armistice Day
      nl: Wapenstilstand (Belgische feestdag) / Jour de l'armistice / Waffenstillstand
  - public_holiday: true
    date: '2036-12-25'
    names:
      en: Christmas Day
      nl: Kerstmis / Noël / Weihnachten
  '2037':
  - public_holiday: true
    date: '2037-01-01'
    names:
      en: New Year's Day
      nl: Nieuwjaar / Nouvel An / Neujahr
  - public_holiday: true
    date: '2037-04-05'
    names:
      en: Easter Sunday
      nl: Pasen / Pâques / Ostern
  - public_holiday: true
    date: '2037-04-06'
    names:
      en: Easter Monday
      nl: Paasmaandag / Lundi de Pâques / Ostermontag
  - public_holiday: true
    date: '2037-05-01'
    names:
      en: Labour Day
      nl: Dag van de arbeid / Fête du Travail / Tag der Arbeit
  - public_holiday: true
    date: '2037-05-14'
    names:
      en: Ascension Day
      nl: Onze Lieve Heer hemelvaart / Ascension / Christi Himmelfahrt
  - public_holiday: true
    date: '2037-05-24'
    names:
      en: Whit Sunday
      nl: Pinksteren / Pentecôte / Pfingsten
  - public_holiday: true
    date: '2037-05-25'
    names:
      en: Whit Monday
      nl: Pinkstermaandag / Lundi de Pentecôte / Pfingstmontag
  - public_holiday: true
    date: '2037-07-21'
    names:
      en: National holiday
      nl: Nationale feestdag / Fête nationale / Nationalfeiertag
  - public_holiday: true
    date: '2037-08-15'
    names:
      en: Assumption of Mary
      nl: Onze Lieve Vrouw hemelvaart / Assomption / Mariä Himmelfahrt
  - public_holiday: true
    date: '2037-11-01'
    names:
      en: All Saints' Day
      nl: Allerheiligen / Toussaint / Allerheiligen
  - public_holiday: true
    date: '2037-11-11'
    names:
      en: Armistice Day
      nl: Wapenstilstand (Belgische feestdag) / Jour de l'armistice / Waffenstillstand
  - public_holiday: true
    date: '2037-12-25'
    names:
      en: Christmas Day
      nl: Kerstmis / Noël / Weihnachten
  '2038':
  - public_holiday: true
    date: '2038-01-01'
    names:
      en: New Year's Day
      nl: Nieuwjaar / Nouvel An / Neujahr
  - public_holiday: true
    date: '2038-04-25'
    names:
      en: Easter Sunday
      nl: Pasen / Pâques / Ostern
  - public_holiday: true
    date: '2038-04-26'
    names:
      en: Easter Monday
      nl: Paasmaandag / Lundi de Pâques / Ostermontag
  - public_holiday: true
    date: '2038-05-01'
    names:
      en: Labour Day
      nl: Dag van de arbeid / Fête du Travail / Tag der Arbeit
  - public_holiday: true
    date: '2038-06-03'
    names:
      en: Ascension Day
      nl: Onze Lieve Heer hemelvaart / Ascension / Christi Himmelfahrt
  - public_holiday: true
    date: '2038-06-13'
    names:
      en: Whit Sunday
      nl: Pinksteren / Pentecôte / Pfingsten
  - public_holiday: true
    date: '2038-06-14'
    names:
      en: Whit Monday
      nl: Pinkstermaandag / Lundi de Pentecôte / Pfingstmontag
  - public_holiday: true
    date: '2038-07-21'
    names:
      en: National holiday
      nl: Nationale feestdag / Fête nationale / Nationalfeiertag
  - public_holiday: true
    date: '2038-08-15'
    names:
      en: Assumption of Mary
      nl: Onze Lieve Vrouw hemelvaart / Assomption / Mariä Himmelfahrt
  - public_holiday: true
    date: '2038-11-01'
    names:
      en: All Saints' Day
      nl: Allerheiligen / Toussaint / Allerheiligen
  - public_holiday: true
    date: '2038-11-11'
    names:
      en: Armistice Day
      nl: Wapenstilstand (Belgische feestdag) / Jour de l'armistice / Waffenstillstand
  - public_holiday: true
    date: '2038-12-25'
    names:
      en: Christmas Day
      nl: Kerstmis / Noël / Weihnachten
  '2039':
  - public_holiday: true
    date: '2039-01-01'
    names:
      en: New Year's Day
      nl: Nieuwjaar / Nouvel An / Neujahr
  - public_holiday: true
    date: '2039-04-10'
    names:
      en: Easter Sunday
      nl: Pasen / Pâques / Ostern
  - public_holiday: true
    date: '2039-04-11'
    names:
      en: Easter Monday
      nl: Paasmaandag / Lundi de Pâques / Ostermontag
  - public_holiday: true
    date: '2039-05-01'
    names:
      en: Labour Day
      nl: Dag van de arbeid / Fête du Travail / Tag der Arbeit
  - public_holiday: true
    date: '2039-05-19'
    names:
      en: Ascension Day
      nl: Onze Lieve Heer hemelvaart / Ascension / Christi Himmelfahrt
  - public_holiday: true
    date: '2039-05-29'
    names:
      en: Whit Sunday
      nl: Pinksteren / Pentecôte / Pfingsten
  - public_holiday: true
    date: '2039-05-30'
    names:
      en: Whit Monday
      nl: Pinkstermaandag / Lundi de Pentecôte / Pfingstmontag
  - public_holiday: true
    date: '2039-07-21'
    names:
      en: National holiday
      nl: Nationale feestdag / Fête nationale / Nationalfeiertag
  - public_holiday: true
    date: '2039-08-15'
    names:
      en: Assumption of Mary
      nl: Onze Lieve Vrouw hemelvaart / Assomption / Mariä Himmelfahrt
  - public_holiday: true
    date: '2039-11-01'
    names:
      en: All Saints' Day
      nl: Allerheiligen / Toussaint / Allerheiligen
  - public_holiday: true
    date: '2039-11-11'
    names:
      en: Armistice Day
      nl: Wapenstilstand (Belgische feestdag) / Jour de l'armistice / Waffenstillstand
  - public_holiday: true
    date: '2039-12-25'
    names:
      en: Christmas Day
      nl: Kerstmis / Noël / Weihnachten
  '2040':
  - public_holiday: true
    date: '2040-01-01'
    names:
      en: New Year's Day
      nl: Nieuwjaar / Nouvel An / Neujahr
  - public_holiday: true
    date: '2040-04-01'
    names:
      en: Easter Sunday
      nl: Pasen / Pâques / Ostern
  - public_holiday: true
    date: '2040-04-02'
    names:
      en: Easter Monday
      nl: Paasmaandag / Lundi de Pâques / Ostermontag
  - public_holiday: true
    date: '2040-05-01'
    names:
      en: Labour Day
      nl: Dag van de arbeid / Fête du Travail / Tag der Arbeit
  - public_holiday: true
    date: '2040-05-10'
    names:
      en: Ascension Day
      nl: Onze Lieve Heer hemelvaart / Ascension / Christi Himmelfahrt
  - public_holiday: true
    date: '2040-05-20'
    names:
      en: Whit Sunday
      nl: Pinksteren / Pentecôte / Pfingsten
  - public_holiday: true
    date: '2040-05-21'
    names:
      en: Whit Monday
      nl: Pinkstermaandag / Lundi de Pentecôte / Pfingstmontag
  - public_holiday: true
    date: '2040-07-21'
    names:
      en: National holiday
      nl: Nationale feestdag / Fête nationale / Nationalfeiertag
  - public_holiday: true
    date: '2040-08-15'
    names:
      en: Assumption of Mary
      nl: Onze Lieve Vrouw hemelvaart / Assomption / Mariä Himmelfahrt
  - public_holiday: true
    date: '2040-11-01'
    names:
      en: All Saints' Day
      nl: Allerheiligen / Toussaint / Allerheiligen
  - public_holiday: true
    date: '2040-11-11'
    names:
      en: Armistice Day
      nl: Wapenstilstand (Belgische feestdag) / Jour de l'armistice / Waffenstillstand
  - public_holiday: true
    date: '2040-12-25'
    names:
      en: Christmas Day
      nl: Kerstmis / Noël / Weihnachten
