---
name: Wales
years:
  '2011':
  - public_holiday: true
    date: '2011-01-03'
    names:
      en: New Year's Day
  - public_holiday: true
    date: '2011-04-22'
    names:
      en: Good Friday
  - public_holiday: true
    date: '2011-04-25'
    names:
      en: Easter Monday
  - public_holiday: true
    date: '2011-04-29'
    names:
      en: Royal Wedding Day
  - public_holiday: true
    date: '2011-05-02'
    names:
      en: May Day Bank Holiday
  - public_holiday: true
    date: '2011-05-30'
    names:
      en: Spring Bank Holiday
  - public_holiday: true
    date: '2011-08-29'
    names:
      en: Late Summer Bank Holiday
  - public_holiday: true
    date: '2011-12-26'
    names:
      en: Boxing Day
  - public_holiday: true
    date: '2011-12-27'
    names:
      en: Christmas Day
  '2012':
  - public_holiday: true
    date: '2012-01-02'
    names:
      en: New Year's Day
  - public_holiday: true
    date: '2012-04-06'
    names:
      en: Good Friday
  - public_holiday: true
    date: '2012-04-09'
    names:
      en: Easter Monday
  - public_holiday: true
    date: '2012-05-07'
    names:
      en: May Day Bank Holiday
  - public_holiday: true
    date: '2012-06-04'
    names:
      en: Spring Bank Holiday
  - public_holiday: true
    date: '2012-06-05'
    names:
      en: Queen's Diamond Jubilee
  - public_holiday: true
    date: '2012-08-27'
    names:
      en: Late Summer Bank Holiday
  - public_holiday: true
    date: '2012-12-25'
    names:
      en: Christmas Day
  - public_holiday: true
    date: '2012-12-26'
    names:
      en: Boxing Day
  '2013':
  - public_holiday: true
    date: '2013-01-01'
    names:
      en: New Year's Day
  - public_holiday: true
    date: '2013-03-29'
    names:
      en: Good Friday
  - public_holiday: true
    date: '2013-04-01'
    names:
      en: Easter Monday
  - public_holiday: true
    date: '2013-05-06'
    names:
      en: May Day Bank Holiday
  - public_holiday: true
    date: '2013-05-27'
    names:
      en: Spring Bank Holiday
  - public_holiday: true
    date: '2013-08-26'
    names:
      en: Late Summer Bank Holiday
  - public_holiday: true
    date: '2013-12-25'
    names:
      en: Christmas Day
  - public_holiday: true
    date: '2013-12-26'
    names:
      en: Boxing Day
  '2014':
  - public_holiday: true
    date: '2014-01-01'
    names:
      en: New Year's Day
  - public_holiday: true
    date: '2014-04-18'
    names:
      en: Good Friday
  - public_holiday: true
    date: '2014-04-21'
    names:
      en: Easter Monday
  - public_holiday: true
    date: '2014-05-05'
    names:
      en: May Day Bank Holiday
  - public_holiday: true
    date: '2014-05-26'
    names:
      en: Spring Bank Holiday
  - public_holiday: true
    date: '2014-08-25'
    names:
      en: Late Summer Bank Holiday
  - public_holiday: true
    date: '2014-12-25'
    names:
      en: Christmas Day
  - public_holiday: true
    date: '2014-12-26'
    names:
      en: Boxing Day
  '2015':
  - public_holiday: true
    date: '2015-01-01'
    names:
      en: New Year's Day
  - public_holiday: true
    date: '2015-04-03'
    names:
      en: Good Friday
  - public_holiday: true
    date: '2015-04-06'
    names:
      en: Easter Monday
  - public_holiday: true
    date: '2015-05-04'
    names:
      en: May Day Bank Holiday
  - public_holiday: true
    date: '2015-05-25'
    names:
      en: Spring Bank Holiday
  - public_holiday: true
    date: '2015-08-31'
    names:
      en: Late Summer Bank Holiday
  - public_holiday: true
    date: '2015-12-25'
    names:
      en: Christmas Day
  - public_holiday: true
    date: '2015-12-28'
    names:
      en: Boxing Day
  '2016':
  - public_holiday: true
    date: '2016-01-01'
    names:
      en: New Year's Day
  - public_holiday: true
    date: '2016-03-25'
    names:
      en: Good Friday
  - public_holiday: true
    date: '2016-03-28'
    names:
      en: Easter Monday
  - public_holiday: true
    date: '2016-05-02'
    names:
      en: May Day Bank Holiday
  - public_holiday: true
    date: '2016-05-30'
    names:
      en: Spring Bank Holiday
  - public_holiday: true
    date: '2016-08-29'
    names:
      en: Late Summer Bank Holiday
  - public_holiday: true
    date: '2016-12-26'
    names:
      en: Boxing Day
  - public_holiday: true
    date: '2016-12-27'
    names:
      en: Christmas Day
  '2017':
  - public_holiday: true
    date: '2017-01-02'
    names:
      en: New Year's Day
  - public_holiday: true
    date: '2017-04-14'
    names:
      en: Good Friday
  - public_holiday: true
    date: '2017-04-17'
    names:
      en: Easter Monday
  - public_holiday: true
    date: '2017-05-01'
    names:
      en: May Day Bank Holiday
  - public_holiday: true
    date: '2017-05-29'
    names:
      en: Spring Bank Holiday
  - public_holiday: true
    date: '2017-08-28'
    names:
      en: Late Summer Bank Holiday
  - public_holiday: true
    date: '2017-12-25'
    names:
      en: Christmas Day
  - public_holiday: true
    date: '2017-12-26'
    names:
      en: Boxing Day
  '2018':
  - public_holiday: true
    date: '2018-01-01'
    names:
      en: New Year's Day
  - public_holiday: true
    date: '2018-03-30'
    names:
      en: Good Friday
  - public_holiday: true
    date: '2018-04-02'
    names:
      en: Easter Monday
  - public_holiday: true
    date: '2018-05-07'
    names:
      en: May Day Bank Holiday
  - public_holiday: true
    date: '2018-05-28'
    names:
      en: Spring Bank Holiday
  - public_holiday: true
    date: '2018-08-27'
    names:
      en: Late Summer Bank Holiday
  - public_holiday: true
    date: '2018-12-25'
    names:
      en: Christmas Day
  - public_holiday: true
    date: '2018-12-26'
    names:
      en: Boxing Day
  '2019':
  - public_holiday: true
    date: '2019-01-01'
    names:
      en: New Year's Day
  - public_holiday: true
    date: '2019-04-19'
    names:
      en: Good Friday
  - public_holiday: true
    date: '2019-04-22'
    names:
      en: Easter Monday
  - public_holiday: true
    date: '2019-05-06'
    names:
      en: May Day Bank Holiday
  - public_holiday: true
    date: '2019-05-27'
    names:
      en: Spring Bank Holiday
  - public_holiday: true
    date: '2019-08-26'
    names:
      en: Late Summer Bank Holiday
  - public_holiday: true
    date: '2019-12-25'
    names:
      en: Christmas Day
  - public_holiday: true
    date: '2019-12-26'
    names:
      en: Boxing Day
  '2020':
  - public_holiday: true
    date: '2020-01-01'
    names:
      en: New Year's Day
  - public_holiday: true
    date: '2020-04-10'
    names:
      en: Good Friday
  - public_holiday: true
    date: '2020-04-13'
    names:
      en: Easter Monday
  - public_holiday: true
    date: '2020-05-08'
    names:
      en: May Day Bank Holiday
  - public_holiday: true
    date: '2020-05-25'
    names:
      en: Spring Bank Holiday
  - public_holiday: true
    date: '2020-08-31'
    names:
      en: Late Summer Bank Holiday
  - public_holiday: true
    date: '2020-12-25'
    names:
      en: Christmas Day
  - public_holiday: true
    date: '2020-12-28'
    names:
      en: Boxing Day
  '2021':
  - public_holiday: true
    date: '2021-01-01'
    names:
      en: New Year's Day
       - public_holiday: true
    date: '2021-01-01'
    names:
      en: Second January Substitute Day
  - public_holiday: true
    date: '2021-04-02'
    names:
      en: Good Friday
  - public_holiday: true
    date: '2021-05-03'
    names:
      en: May Day Bank Holiday
  - public_holiday: true
    date: '2021-05-31'
    names:
      en: Spring Bank Holiday
  - public_holiday: true
    date: '2021-08-02'
    names:
      en: Late Summer Bank Holiday
        - public_holiday: true
    date: '2021-11-30'
    names:
      en: St Andrews Day
  - public_holiday: true
    date: '2021-12-27'
    names:
      en: Christmas Day
  - public_holiday: true
    date: '2021-12-28'
    names:
      en: Boxing Day
  '2022':
  - public_holiday: true
    date: '2022-01-03'
    names:
      en: New Year's Day
  - public_holiday: true
    date: '2022-04-15'
    names:
      en: Good Friday
  - public_holiday: true
    date: '2022-04-18'
    names:
      en: Easter Monday
  - public_holiday: true
    date: '2022-05-02'
    names:
      en: May Day Bank Holiday
  - public_holiday: true
    date: '2022-05-30'
    names:
      en: Spring Bank Holiday
  - public_holiday: true
    date: '2022-08-29'
    names:
      en: Late Summer Bank Holiday
  - public_holiday: true
    date: '2022-12-26'
    names:
      en: Boxing Day
  - public_holiday: true
    date: '2022-12-27'
    names:
      en: Christmas Day
  '2023':
  - public_holiday: true
    date: '2023-01-02'
    names:
      en: New Year's Day
  - public_holiday: true
    date: '2023-04-07'
    names:
      en: Good Friday
  - public_holiday: true
    date: '2023-04-10'
    names:
      en: Easter Monday
  - public_holiday: true
    date: '2023-05-01'
    names:
      en: May Day Bank Holiday
  - public_holiday: true
    date: '2023-05-29'
    names:
      en: Spring Bank Holiday
  - public_holiday: true
    date: '2023-08-28'
    names:
      en: Late Summer Bank Holiday
  - public_holiday: true
    date: '2023-12-25'
    names:
      en: Christmas Day
  - public_holiday: true
    date: '2023-12-26'
    names:
      en: Boxing Day
  '2024':
  - public_holiday: true
    date: '2024-01-01'
    names:
      en: New Year's Day
  - public_holiday: true
    date: '2024-03-29'
    names:
      en: Good Friday
  - public_holiday: true
    date: '2024-04-01'
    names:
      en: Easter Monday
  - public_holiday: true
    date: '2024-05-06'
    names:
      en: May Day Bank Holiday
  - public_holiday: true
    date: '2024-05-27'
    names:
      en: Spring Bank Holiday
  - public_holiday: true
    date: '2024-08-26'
    names:
      en: Late Summer Bank Holiday
  - public_holiday: true
    date: '2024-12-25'
    names:
      en: Christmas Day
  - public_holiday: true
    date: '2024-12-26'
    names:
      en: Boxing Day
  '2025':
  - public_holiday: true
    date: '2025-01-01'
    names:
      en: New Year's Day
  - public_holiday: true
    date: '2025-04-18'
    names:
      en: Good Friday
  - public_holiday: true
    date: '2025-04-21'
    names:
      en: Easter Monday
  - public_holiday: true
    date: '2025-05-05'
    names:
      en: May Day Bank Holiday
  - public_holiday: true
    date: '2025-05-26'
    names:
      en: Spring Bank Holiday
  - public_holiday: true
    date: '2025-08-25'
    names:
      en: Late Summer Bank Holiday
  - public_holiday: true
    date: '2025-12-25'
    names:
      en: Christmas Day
  - public_holiday: true
    date: '2025-12-26'
    names:
      en: Boxing Day
  '2026':
  - public_holiday: true
    date: '2026-01-01'
    names:
      en: New Year's Day
  - public_holiday: true
    date: '2026-04-03'
    names:
      en: Good Friday
  - public_holiday: true
    date: '2026-04-06'
    names:
      en: Easter Monday
  - public_holiday: true
    date: '2026-05-04'
    names:
      en: May Day Bank Holiday
  - public_holiday: true
    date: '2026-05-25'
    names:
      en: Spring Bank Holiday
  - public_holiday: true
    date: '2026-08-31'
    names:
      en: Late Summer Bank Holiday
  - public_holiday: true
    date: '2026-12-25'
    names:
      en: Christmas Day
  - public_holiday: true
    date: '2026-12-28'
    names:
      en: Boxing Day
  '2027':
  - public_holiday: true
    date: '2027-01-01'
    names:
      en: New Year's Day
  - public_holiday: true
    date: '2027-03-26'
    names:
      en: Good Friday
  - public_holiday: true
    date: '2027-03-29'
    names:
      en: Easter Monday
  - public_holiday: true
    date: '2027-05-03'
    names:
      en: May Day Bank Holiday
  - public_holiday: true
    date: '2027-05-31'
    names:
      en: Spring Bank Holiday
  - public_holiday: true
    date: '2027-08-30'
    names:
      en: Late Summer Bank Holiday
  - public_holiday: true
    date: '2027-12-27'
    names:
      en: Boxing Day
  - public_holiday: true
    date: '2027-12-28'
    names:
      en: Christmas Day
  '2028':
  - public_holiday: true
    date: '2028-01-03'
    names:
      en: New Year's Day
  - public_holiday: true
    date: '2028-04-14'
    names:
      en: Good Friday
  - public_holiday: true
    date: '2028-04-17'
    names:
      en: Easter Monday
  - public_holiday: true
    date: '2028-05-01'
    names:
      en: May Day Bank Holiday
  - public_holiday: true
    date: '2028-05-29'
    names:
      en: Spring Bank Holiday
  - public_holiday: true
    date: '2028-08-28'
    names:
      en: Late Summer Bank Holiday
  - public_holiday: true
    date: '2028-12-25'
    names:
      en: Christmas Day
  - public_holiday: true
    date: '2028-12-26'
    names:
      en: Boxing Day
  '2029':
  - public_holiday: true
    date: '2029-01-01'
    names:
      en: New Year's Day
  - public_holiday: true
    date: '2029-03-30'
    names:
      en: Good Friday
  - public_holiday: true
    date: '2029-04-02'
    names:
      en: Easter Monday
  - public_holiday: true
    date: '2029-05-07'
    names:
      en: May Day Bank Holiday
  - public_holiday: true
    date: '2029-05-28'
    names:
      en: Spring Bank Holiday
  - public_holiday: true
    date: '2029-08-27'
    names:
      en: Late Summer Bank Holiday
  - public_holiday: true
    date: '2029-12-25'
    names:
      en: Christmas Day
  - public_holiday: true
    date: '2029-12-26'
    names:
      en: Boxing Day
  '2030':
  - public_holiday: true
    date: '2030-01-01'
    names:
      en: New Year's Day
  - public_holiday: true
    date: '2030-04-19'
    names:
      en: Good Friday
  - public_holiday: true
    date: '2030-04-22'
    names:
      en: Easter Monday
  - public_holiday: true
    date: '2030-05-06'
    names:
      en: May Day Bank Holiday
  - public_holiday: true
    date: '2030-05-27'
    names:
      en: Spring Bank Holiday
  - public_holiday: true
    date: '2030-08-26'
    names:
      en: Late Summer Bank Holiday
  - public_holiday: true
    date: '2030-12-25'
    names:
      en: Christmas Day
  - public_holiday: true
    date: '2030-12-26'
    names:
      en: Boxing Day
  '2031':
  - public_holiday: true
    date: '2031-01-01'
    names:
      en: New Year's Day
  - public_holiday: true
    date: '2031-04-11'
    names:
      en: Good Friday
  - public_holiday: true
    date: '2031-04-14'
    names:
      en: Easter Monday
  - public_holiday: true
    date: '2031-05-05'
    names:
      en: May Day Bank Holiday
  - public_holiday: true
    date: '2031-05-26'
    names:
      en: Spring Bank Holiday
  - public_holiday: true
    date: '2031-08-25'
    names:
      en: Late Summer Bank Holiday
  - public_holiday: true
    date: '2031-12-25'
    names:
      en: Christmas Day
  - public_holiday: true
    date: '2031-12-26'
    names:
      en: Boxing Day
  '2032':
  - public_holiday: true
    date: '2032-01-01'
    names:
      en: New Year's Day
  - public_holiday: true
    date: '2032-03-26'
    names:
      en: Good Friday
  - public_holiday: true
    date: '2032-03-29'
    names:
      en: Easter Monday
  - public_holiday: true
    date: '2032-05-03'
    names:
      en: May Day Bank Holiday
  - public_holiday: true
    date: '2032-05-31'
    names:
      en: Spring Bank Holiday
  - public_holiday: true
    date: '2032-08-30'
    names:
      en: Late Summer Bank Holiday
  - public_holiday: true
    date: '2032-12-27'
    names:
      en: Boxing Day
  - public_holiday: true
    date: '2032-12-28'
    names:
      en: Christmas Day
  '2033':
  - public_holiday: true
    date: '2033-01-03'
    names:
      en: New Year's Day
  - public_holiday: true
    date: '2033-04-15'
    names:
      en: Good Friday
  - public_holiday: true
    date: '2033-04-18'
    names:
      en: Easter Monday
  - public_holiday: true
    date: '2033-05-02'
    names:
      en: May Day Bank Holiday
  - public_holiday: true
    date: '2033-05-30'
    names:
      en: Spring Bank Holiday
  - public_holiday: true
    date: '2033-08-29'
    names:
      en: Late Summer Bank Holiday
  - public_holiday: true
    date: '2033-12-26'
    names:
      en: Boxing Day
  - public_holiday: true
    date: '2033-12-27'
    names:
      en: Christmas Day
  '2034':
  - public_holiday: true
    date: '2034-01-02'
    names:
      en: New Year's Day
  - public_holiday: true
    date: '2034-04-07'
    names:
      en: Good Friday
  - public_holiday: true
    date: '2034-04-10'
    names:
      en: Easter Monday
  - public_holiday: true
    date: '2034-05-01'
    names:
      en: May Day Bank Holiday
  - public_holiday: true
    date: '2034-05-29'
    names:
      en: Spring Bank Holiday
  - public_holiday: true
    date: '2034-08-28'
    names:
      en: Late Summer Bank Holiday
  - public_holiday: true
    date: '2034-12-25'
    names:
      en: Christmas Day
  - public_holiday: true
    date: '2034-12-26'
    names:
      en: Boxing Day
  '2035':
  - public_holiday: true
    date: '2035-01-01'
    names:
      en: New Year's Day
  - public_holiday: true
    date: '2035-03-23'
    names:
      en: Good Friday
  - public_holiday: true
    date: '2035-03-26'
    names:
      en: Easter Monday
  - public_holiday: true
    date: '2035-05-07'
    names:
      en: May Day Bank Holiday
  - public_holiday: true
    date: '2035-05-28'
    names:
      en: Spring Bank Holiday
  - public_holiday: true
    date: '2035-08-27'
    names:
      en: Late Summer Bank Holiday
  - public_holiday: true
    date: '2035-12-25'
    names:
      en: Christmas Day
  - public_holiday: true
    date: '2035-12-26'
    names:
      en: Boxing Day
  '2036':
  - public_holiday: true
    date: '2036-01-01'
    names:
      en: New Year's Day
  - public_holiday: true
    date: '2036-04-11'
    names:
      en: Good Friday
  - public_holiday: true
    date: '2036-04-14'
    names:
      en: Easter Monday
  - public_holiday: true
    date: '2036-05-05'
    names:
      en: May Day Bank Holiday
  - public_holiday: true
    date: '2036-05-26'
    names:
      en: Spring Bank Holiday
  - public_holiday: true
    date: '2036-08-25'
    names:
      en: Late Summer Bank Holiday
  - public_holiday: true
    date: '2036-12-25'
    names:
      en: Christmas Day
  - public_holiday: true
    date: '2036-12-26'
    names:
      en: Boxing Day
  '2037':
  - public_holiday: true
    date: '2037-01-01'
    names:
      en: New Year's Day
  - public_holiday: true
    date: '2037-04-03'
    names:
      en: Good Friday
  - public_holiday: true
    date: '2037-04-06'
    names:
      en: Easter Monday
  - public_holiday: true
    date: '2037-05-04'
    names:
      en: May Day Bank Holiday
  - public_holiday: true
    date: '2037-05-25'
    names:
      en: Spring Bank Holiday
  - public_holiday: true
    date: '2037-08-31'
    names:
      en: Late Summer Bank Holiday
  - public_holiday: true
    date: '2037-12-25'
    names:
      en: Christmas Day
  - public_holiday: true
    date: '2037-12-28'
    names:
      en: Boxing Day
  '2038':
  - public_holiday: true
    date: '2038-01-01'
    names:
      en: New Year's Day
  - public_holiday: true
    date: '2038-04-23'
    names:
      en: Good Friday
  - public_holiday: true
    date: '2038-04-26'
    names:
      en: Easter Monday
  - public_holiday: true
    date: '2038-05-03'
    names:
      en: May Day Bank Holiday
  - public_holiday: true
    date: '2038-05-31'
    names:
      en: Spring Bank Holiday
  - public_holiday: true
    date: '2038-08-30'
    names:
      en: Late Summer Bank Holiday
  - public_holiday: true
    date: '2038-12-27'
    names:
      en: Boxing Day
  - public_holiday: true
    date: '2038-12-28'
    names:
      en: Christmas Day
  '2039':
  - public_holiday: true
    date: '2039-01-03'
    names:
      en: New Year's Day
  - public_holiday: true
    date: '2039-04-08'
    names:
      en: Good Friday
  - public_holiday: true
    date: '2039-04-11'
    names:
      en: Easter Monday
  - public_holiday: true
    date: '2039-05-02'
    names:
      en: May Day Bank Holiday
  - public_holiday: true
    date: '2039-05-30'
    names:
      en: Spring Bank Holiday
  - public_holiday: true
    date: '2039-08-29'
    names:
      en: Late Summer Bank Holiday
  - public_holiday: true
    date: '2039-12-26'
    names:
      en: Boxing Day
  - public_holiday: true
    date: '2039-12-27'
    names:
      en: Christmas Day
  '2040':
  - public_holiday: true
    date: '2040-01-02'
    names:
      en: New Year's Day
  - public_holiday: true
    date: '2040-03-30'
    names:
      en: Good Friday
  - public_holiday: true
    date: '2040-04-02'
    names:
      en: Easter Monday
  - public_holiday: true
    date: '2040-05-07'
    names:
      en: May Day Bank Holiday
  - public_holiday: true
    date: '2040-05-28'
    names:
      en: Spring Bank Holiday
  - public_holiday: true
    date: '2040-08-27'
    names:
      en: Late Summer Bank Holiday
  - public_holiday: true
    date: '2040-12-25'
    names:
      en: Christmas Day
  - public_holiday: true
    date: '2040-12-26'
    names:
      en: Boxing Day
