---
name: Angola (all)
'2014':
- New Year's Day:
    public holiday: true
    start_date: '2014-01-01'
    end_date: '2014-01-01'
    names:
      en: New Year's Day
      pt: Ano Novo
- Luanda's Day:
    public holiday: true
    start_date: '2014-01-25'
    end_date: '2014-01-25'
    names:
      en: Luanda's Day
      pt: Dia da Cidade de Luanda
- Day of the Armed Struggle:
    public holiday: true
    start_date: '2014-02-04'
    end_date: '2014-02-04'
    names:
      en: Day of the Armed Struggle
      pt: Dia Nacional do Esforço Armado
- Carnival (Shrove Tuesday):
    public holiday: true
    start_date: '2014-03-04'
    end_date: '2014-03-04'
    names:
      en: Carnival (Shrove Tuesday)
      pt: Carnaval
- International Women’s Day:
    public holiday: true
    start_date: '2014-03-08'
    end_date: '2014-03-08'
    names:
      en: International Women’s Day
      pt: Dia Internacional da Mulher
- Day of Peace and Reconciliation:
    public holiday: true
    start_date: '2014-04-04'
    end_date: '2014-04-04'
    names:
      en: Day of Peace and Reconciliation
      pt: Dia da Paz
- Good Friday:
    public holiday: true
    start_date: '2014-04-18'
    end_date: '2014-04-18'
    names:
      en: Good Friday
      pt: Sexta-feira Santa
- Labour Day:
    public holiday: true
    start_date: '2014-05-01'
    end_date: '2014-05-01'
    names:
      en: Labour Day
      pt: Dia do Trabalhador
- Agostinho Neto's Day and National Heroes Day:
    public holiday: true
    start_date: '2014-09-17'
    end_date: '2014-09-17'
    names:
      en: Agostinho Neto's Day and National Heroes Day
      pt: Fundador da Nação e Dia dos Heróis Nacionais
- All Souls Day:
    public holiday: true
    start_date: '2014-11-03'
    end_date: '2014-11-03'
    names:
      en: All Souls Day
      pt: Dia de finados
- Independence Day:
    public holiday: true
    start_date: '2014-11-11'
    end_date: '2014-11-11'
    names:
      en: Independence Day
      pt: Dia da Independência
- Christmas Day:
    public holiday: true
    start_date: '2014-12-25'
    end_date: '2014-12-25'
    names:
      en: Christmas Day
      pt: Natal
'2015':
- New Year's Day:
    public holiday: true
    start_date: '2015-01-01'
    end_date: '2015-01-01'
    names:
      en: New Year's Day
      pt: Ano Novo
- Luanda's Day:
    public holiday: true
    start_date: '2015-01-26'
    end_date: '2015-01-26'
    names:
      en: Luanda's Day
      pt: Dia da Cidade de Luanda
- Day of the Armed Struggle:
    public holiday: true
    start_date: '2015-02-04'
    end_date: '2015-02-04'
    names:
      en: Day of the Armed Struggle
      pt: Dia Nacional do Esforço Armado
- Carnival (Shrove Tuesday):
    public holiday: true
    start_date: '2015-02-17'
    end_date: '2015-02-17'
    names:
      en: Carnival (Shrove Tuesday)
      pt: Carnaval
- International Women’s Day:
    public holiday: true
    start_date: '2015-03-09'
    end_date: '2015-03-09'
    names:
      en: International Women’s Day
      pt: Dia Internacional da Mulher
- Good Friday:
    public holiday: true
    start_date: '2015-04-03'
    end_date: '2015-04-03'
    names:
      en: Good Friday
      pt: Sexta-feira Santa
- Day of Peace and Reconciliation:
    public holiday: true
    start_date: '2015-04-04'
    end_date: '2015-04-04'
    names:
      en: Day of Peace and Reconciliation
      pt: Dia da Paz
- Labour Day:
    public holiday: true
    start_date: '2015-05-01'
    end_date: '2015-05-01'
    names:
      en: Labour Day
      pt: Dia do Trabalhador
- Agostinho Neto's Day and National Heroes Day:
    public holiday: true
    start_date: '2015-09-17'
    end_date: '2015-09-17'
    names:
      en: Agostinho Neto's Day and National Heroes Day
      pt: Fundador da Nação e Dia dos Heróis Nacionais
- All Souls Day:
    public holiday: true
    start_date: '2015-11-02'
    end_date: '2015-11-02'
    names:
      en: All Souls Day
      pt: Dia de finados
- Independence Day:
    public holiday: true
    start_date: '2015-11-11'
    end_date: '2015-11-11'
    names:
      en: Independence Day
      pt: Dia da Independência
- Christmas Day:
    public holiday: true
    start_date: '2015-12-25'
    end_date: '2015-12-25'
    names:
      en: Christmas Day
      pt: Natal
'2016':
- New Year's Day:
    public holiday: true
    start_date: '2016-01-01'
    end_date: '2016-01-01'
    names:
      en: New Year's Day
      pt: Ano Novo
- Luanda's Day:
    public holiday: true
    start_date: '2016-01-25'
    end_date: '2016-01-25'
    names:
      en: Luanda's Day
      pt: Dia da Cidade de Luanda
- Day of the Armed Struggle:
    public holiday: true
    start_date: '2016-02-04'
    end_date: '2016-02-04'
    names:
      en: Day of the Armed Struggle
      pt: Dia Nacional do Esforço Armado
- Carnival (Shrove Tuesday):
    public holiday: true
    start_date: '2016-02-09'
    end_date: '2016-02-09'
    names:
      en: Carnival (Shrove Tuesday)
      pt: Carnaval
- International Women’s Day:
    public holiday: true
    start_date: '2016-03-08'
    end_date: '2016-03-08'
    names:
      en: International Women’s Day
      pt: Dia Internacional da Mulher
- Good Friday:
    public holiday: true
    start_date: '2016-03-25'
    end_date: '2016-03-25'
    names:
      en: Good Friday
      pt: Sexta-feira Santa
- Day of Peace and Reconciliation:
    public holiday: true
    start_date: '2016-04-04'
    end_date: '2016-04-04'
    names:
      en: Day of Peace and Reconciliation
      pt: Dia da Paz
- Labour Day:
    public holiday: true
    start_date: '2016-05-02'
    end_date: '2016-05-02'
    names:
      en: Labour Day
      pt: Dia do Trabalhador
- Agostinho Neto's Day and National Heroes Day:
    public holiday: true
    start_date: '2016-09-17'
    end_date: '2016-09-17'
    names:
      en: Agostinho Neto's Day and National Heroes Day
      pt: Fundador da Nação e Dia dos Heróis Nacionais
- All Souls Day:
    public holiday: true
    start_date: '2016-11-02'
    end_date: '2016-11-02'
    names:
      en: All Souls Day
      pt: Dia de finados
- Independence Day:
    public holiday: true
    start_date: '2016-11-11'
    end_date: '2016-11-11'
    names:
      en: Independence Day
      pt: Dia da Independência
- Christmas Day:
    public holiday: true
    start_date: '2016-12-26'
    end_date: '2016-12-26'
    names:
      en: Christmas Day
      pt: Natal
'2017':
- New Year's Day:
    public holiday: true
    start_date: '2017-01-02'
    end_date: '2017-01-02'
    names:
      en: New Year's Day
      pt: Ano Novo
- Luanda's Day:
    public holiday: true
    start_date: '2017-01-25'
    end_date: '2017-01-25'
    names:
      en: Luanda's Day
      pt: Dia da Cidade de Luanda
- Day of the Armed Struggle:
    public holiday: true
    start_date: '2017-02-04'
    end_date: '2017-02-04'
    names:
      en: Day of the Armed Struggle
      pt: Dia Nacional do Esforço Armado
- Carnival (Shrove Tuesday):
    public holiday: true
    start_date: '2017-02-28'
    end_date: '2017-02-28'
    names:
      en: Carnival (Shrove Tuesday)
      pt: Carnaval
- International Women’s Day:
    public holiday: true
    start_date: '2017-03-08'
    end_date: '2017-03-08'
    names:
      en: International Women’s Day
      pt: Dia Internacional da Mulher
- Day of Peace and Reconciliation:
    public holiday: true
    start_date: '2017-04-04'
    end_date: '2017-04-04'
    names:
      en: Day of Peace and Reconciliation
      pt: Dia da Paz
- Good Friday:
    public holiday: true
    start_date: '2017-04-14'
    end_date: '2017-04-14'
    names:
      en: Good Friday
      pt: Sexta-feira Santa
- Labour Day:
    public holiday: true
    start_date: '2017-05-01'
    end_date: '2017-05-01'
    names:
      en: Labour Day
      pt: Dia do Trabalhador
- Agostinho Neto's Day and National Heroes Day:
    public holiday: true
    start_date: '2017-09-18'
    end_date: '2017-09-18'
    names:
      en: Agostinho Neto's Day and National Heroes Day
      pt: Fundador da Nação e Dia dos Heróis Nacionais
- All Souls Day:
    public holiday: true
    start_date: '2017-11-02'
    end_date: '2017-11-02'
    names:
      en: All Souls Day
      pt: Dia de finados
- Independence Day:
    public holiday: true
    start_date: '2017-11-11'
    end_date: '2017-11-11'
    names:
      en: Independence Day
      pt: Dia da Independência
- Christmas Day:
    public holiday: true
    start_date: '2017-12-25'
    end_date: '2017-12-25'
    names:
      en: Christmas Day
      pt: Natal
'2018':
- New Year's Day:
    public holiday: true
    start_date: '2018-01-01'
    end_date: '2018-01-01'
    names:
      en: New Year's Day
      pt: Ano Novo
- Luanda's Day:
    public holiday: true
    start_date: '2018-01-25'
    end_date: '2018-01-25'
    names:
      en: Luanda's Day
      pt: Dia da Cidade de Luanda
- Day of the Armed Struggle:
    public holiday: true
    start_date: '2018-02-05'
    end_date: '2018-02-05'
    names:
      en: Day of the Armed Struggle
      pt: Dia Nacional do Esforço Armado
- Carnival (Shrove Tuesday):
    public holiday: true
    start_date: '2018-02-13'
    end_date: '2018-02-13'
    names:
      en: Carnival (Shrove Tuesday)
      pt: Carnaval
- International Women’s Day:
    public holiday: true
    start_date: '2018-03-08'
    end_date: '2018-03-08'
    names:
      en: International Women’s Day
      pt: Dia Internacional da Mulher
- Good Friday:
    public holiday: true
    start_date: '2018-03-30'
    end_date: '2018-03-30'
    names:
      en: Good Friday
      pt: Sexta-feira Santa
- Day of Peace and Reconciliation:
    public holiday: true
    start_date: '2018-04-04'
    end_date: '2018-04-04'
    names:
      en: Day of Peace and Reconciliation
      pt: Dia da Paz
- Labour Day:
    public holiday: true
    start_date: '2018-05-01'
    end_date: '2018-05-01'
    names:
      en: Labour Day
      pt: Dia do Trabalhador
- Agostinho Neto's Day and National Heroes Day:
    public holiday: true
    start_date: '2018-09-17'
    end_date: '2018-09-17'
    names:
      en: Agostinho Neto's Day and National Heroes Day
      pt: Fundador da Nação e Dia dos Heróis Nacionais
- All Souls Day:
    public holiday: true
    start_date: '2018-11-02'
    end_date: '2018-11-02'
    names:
      en: All Souls Day
      pt: Dia de finados
- Independence Day:
    public holiday: true
    start_date: '2018-11-12'
    end_date: '2018-11-12'
    names:
      en: Independence Day
      pt: Dia da Independência
- Christmas Day:
    public holiday: true
    start_date: '2018-12-25'
    end_date: '2018-12-25'
    names:
      en: Christmas Day
      pt: Natal
'2019':
- New Year's Day:
    public holiday: true
    start_date: '2019-01-01'
    end_date: '2019-01-01'
    names:
      en: New Year's Day
      pt: Ano Novo
- Luanda's Day:
    public holiday: true
    start_date: '2019-01-25'
    end_date: '2019-01-25'
    names:
      en: Luanda's Day
      pt: Dia da Cidade de Luanda
- Day of the Armed Struggle:
    public holiday: true
    start_date: '2019-02-04'
    end_date: '2019-02-04'
    names:
      en: Day of the Armed Struggle
      pt: Dia Nacional do Esforço Armado
- Carnival (Shrove Tuesday):
    public holiday: true
    start_date: '2019-03-05'
    end_date: '2019-03-05'
    names:
      en: Carnival (Shrove Tuesday)
      pt: Carnaval
- International Women’s Day:
    public holiday: true
    start_date: '2019-03-08'
    end_date: '2019-03-08'
    names:
      en: International Women’s Day
      pt: Dia Internacional da Mulher
- Day of Peace and Reconciliation:
    public holiday: true
    start_date: '2019-04-04'
    end_date: '2019-04-04'
    names:
      en: Day of Peace and Reconciliation
      pt: Dia da Paz
- Good Friday:
    public holiday: true
    start_date: '2019-04-19'
    end_date: '2019-04-19'
    names:
      en: Good Friday
      pt: Sexta-feira Santa
- Labour Day:
    public holiday: true
    start_date: '2019-05-01'
    end_date: '2019-05-01'
    names:
      en: Labour Day
      pt: Dia do Trabalhador
- Agostinho Neto's Day and National Heroes Day:
    public holiday: true
    start_date: '2019-09-17'
    end_date: '2019-09-17'
    names:
      en: Agostinho Neto's Day and National Heroes Day
      pt: Fundador da Nação e Dia dos Heróis Nacionais
- All Souls Day:
    public holiday: true
    start_date: '2019-11-02'
    end_date: '2019-11-02'
    names:
      en: All Souls Day
      pt: Dia de finados
- Independence Day:
    public holiday: true
    start_date: '2019-11-11'
    end_date: '2019-11-11'
    names:
      en: Independence Day
      pt: Dia da Independência
- Christmas Day:
    public holiday: true
    start_date: '2019-12-25'
    end_date: '2019-12-25'
    names:
      en: Christmas Day
      pt: Natal
'2020':
- New Year's Day:
    public holiday: true
    start_date: '2020-01-01'
    end_date: '2020-01-01'
    names:
      en: New Year's Day
      pt: Ano Novo
- Luanda's Day:
    public holiday: true
    start_date: '2020-01-25'
    end_date: '2020-01-25'
    names:
      en: Luanda's Day
      pt: Dia da Cidade de Luanda
- Day of the Armed Struggle:
    public holiday: true
    start_date: '2020-02-04'
    end_date: '2020-02-04'
    names:
      en: Day of the Armed Struggle
      pt: Dia Nacional do Esforço Armado
- Carnival (Shrove Tuesday):
    public holiday: true
    start_date: '2020-02-25'
    end_date: '2020-02-25'
    names:
      en: Carnival (Shrove Tuesday)
      pt: Carnaval
- International Women’s Day:
    public holiday: true
    start_date: '2020-03-09'
    end_date: '2020-03-09'
    names:
      en: International Women’s Day
      pt: Dia Internacional da Mulher
- Day of Peace and Reconciliation:
    public holiday: true
    start_date: '2020-04-04'
    end_date: '2020-04-04'
    names:
      en: Day of Peace and Reconciliation
      pt: Dia da Paz
- Good Friday:
    public holiday: true
    start_date: '2020-04-10'
    end_date: '2020-04-10'
    names:
      en: Good Friday
      pt: Sexta-feira Santa
- Labour Day:
    public holiday: true
    start_date: '2020-05-01'
    end_date: '2020-05-01'
    names:
      en: Labour Day
      pt: Dia do Trabalhador
- Agostinho Neto's Day and National Heroes Day:
    public holiday: true
    start_date: '2020-09-17'
    end_date: '2020-09-17'
    names:
      en: Agostinho Neto's Day and National Heroes Day
      pt: Fundador da Nação e Dia dos Heróis Nacionais
- All Souls Day:
    public holiday: true
    start_date: '2020-11-02'
    end_date: '2020-11-02'
    names:
      en: All Souls Day
      pt: Dia de finados
- Independence Day:
    public holiday: true
    start_date: '2020-11-11'
    end_date: '2020-11-11'
    names:
      en: Independence Day
      pt: Dia da Independência
- Christmas Day:
    public holiday: true
    start_date: '2020-12-25'
    end_date: '2020-12-25'
    names:
      en: Christmas Day
      pt: Natal
'2021':
- New Year's Day:
    public holiday: true
    start_date: '2021-01-01'
    end_date: '2021-01-01'
    names:
      en: New Year's Day
      pt: Ano Novo
- Luanda's Day:
    public holiday: true
    start_date: '2021-01-25'
    end_date: '2021-01-25'
    names:
      en: Luanda's Day
      pt: Dia da Cidade de Luanda
- Day of the Armed Struggle:
    public holiday: true
    start_date: '2021-02-04'
    end_date: '2021-02-04'
    names:
      en: Day of the Armed Struggle
      pt: Dia Nacional do Esforço Armado
- Carnival (Shrove Tuesday):
    public holiday: true
    start_date: '2021-02-16'
    end_date: '2021-02-16'
    names:
      en: Carnival (Shrove Tuesday)
      pt: Carnaval
- International Women’s Day:
    public holiday: true
    start_date: '2021-03-08'
    end_date: '2021-03-08'
    names:
      en: International Women’s Day
      pt: Dia Internacional da Mulher
- Good Friday:
    public holiday: true
    start_date: '2021-04-02'
    end_date: '2021-04-02'
    names:
      en: Good Friday
      pt: Sexta-feira Santa
- Day of Peace and Reconciliation:
    public holiday: true
    start_date: '2021-04-05'
    end_date: '2021-04-05'
    names:
      en: Day of Peace and Reconciliation
      pt: Dia da Paz
- Labour Day:
    public holiday: true
    start_date: '2021-05-01'
    end_date: '2021-05-01'
    names:
      en: Labour Day
      pt: Dia do Trabalhador
- Agostinho Neto's Day and National Heroes Day:
    public holiday: true
    start_date: '2021-09-17'
    end_date: '2021-09-17'
    names:
      en: Agostinho Neto's Day and National Heroes Day
      pt: Fundador da Nação e Dia dos Heróis Nacionais
- All Souls Day:
    public holiday: true
    start_date: '2021-11-02'
    end_date: '2021-11-02'
    names:
      en: All Souls Day
      pt: Dia de finados
- Independence Day:
    public holiday: true
    start_date: '2021-11-11'
    end_date: '2021-11-11'
    names:
      en: Independence Day
      pt: Dia da Independência
- Christmas Day:
    public holiday: true
    start_date: '2021-12-25'
    end_date: '2021-12-25'
    names:
      en: Christmas Day
      pt: Natal
'2022':
- New Year's Day:
    public holiday: true
    start_date: '2022-01-01'
    end_date: '2022-01-01'
    names:
      en: New Year's Day
      pt: Ano Novo
- Luanda's Day:
    public holiday: true
    start_date: '2022-01-25'
    end_date: '2022-01-25'
    names:
      en: Luanda's Day
      pt: Dia da Cidade de Luanda
- Day of the Armed Struggle:
    public holiday: true
    start_date: '2022-02-04'
    end_date: '2022-02-04'
    names:
      en: Day of the Armed Struggle
      pt: Dia Nacional do Esforço Armado
- Carnival (Shrove Tuesday):
    public holiday: true
    start_date: '2022-03-01'
    end_date: '2022-03-01'
    names:
      en: Carnival (Shrove Tuesday)
      pt: Carnaval
- International Women’s Day:
    public holiday: true
    start_date: '2022-03-08'
    end_date: '2022-03-08'
    names:
      en: International Women’s Day
      pt: Dia Internacional da Mulher
- Day of Peace and Reconciliation:
    public holiday: true
    start_date: '2022-04-04'
    end_date: '2022-04-04'
    names:
      en: Day of Peace and Reconciliation
      pt: Dia da Paz
- Good Friday:
    public holiday: true
    start_date: '2022-04-15'
    end_date: '2022-04-15'
    names:
      en: Good Friday
      pt: Sexta-feira Santa
- Labour Day:
    public holiday: true
    start_date: '2022-05-02'
    end_date: '2022-05-02'
    names:
      en: Labour Day
      pt: Dia do Trabalhador
- Agostinho Neto's Day and National Heroes Day:
    public holiday: true
    start_date: '2022-09-17'
    end_date: '2022-09-17'
    names:
      en: Agostinho Neto's Day and National Heroes Day
      pt: Fundador da Nação e Dia dos Heróis Nacionais
- All Souls Day:
    public holiday: true
    start_date: '2022-11-02'
    end_date: '2022-11-02'
    names:
      en: All Souls Day
      pt: Dia de finados
- Independence Day:
    public holiday: true
    start_date: '2022-11-11'
    end_date: '2022-11-11'
    names:
      en: Independence Day
      pt: Dia da Independência
- Christmas Day:
    public holiday: true
    start_date: '2022-12-26'
    end_date: '2022-12-26'
    names:
      en: Christmas Day
      pt: Natal
'2023':
- New Year's Day:
    public holiday: true
    start_date: '2023-01-02'
    end_date: '2023-01-02'
    names:
      en: New Year's Day
      pt: Ano Novo
- Luanda's Day:
    public holiday: true
    start_date: '2023-01-25'
    end_date: '2023-01-25'
    names:
      en: Luanda's Day
      pt: Dia da Cidade de Luanda
- Day of the Armed Struggle:
    public holiday: true
    start_date: '2023-02-04'
    end_date: '2023-02-04'
    names:
      en: Day of the Armed Struggle
      pt: Dia Nacional do Esforço Armado
- Carnival (Shrove Tuesday):
    public holiday: true
    start_date: '2023-02-21'
    end_date: '2023-02-21'
    names:
      en: Carnival (Shrove Tuesday)
      pt: Carnaval
- International Women’s Day:
    public holiday: true
    start_date: '2023-03-08'
    end_date: '2023-03-08'
    names:
      en: International Women’s Day
      pt: Dia Internacional da Mulher
- Day of Peace and Reconciliation:
    public holiday: true
    start_date: '2023-04-04'
    end_date: '2023-04-04'
    names:
      en: Day of Peace and Reconciliation
      pt: Dia da Paz
- Good Friday:
    public holiday: true
    start_date: '2023-04-07'
    end_date: '2023-04-07'
    names:
      en: Good Friday
      pt: Sexta-feira Santa
- Labour Day:
    public holiday: true
    start_date: '2023-05-01'
    end_date: '2023-05-01'
    names:
      en: Labour Day
      pt: Dia do Trabalhador
- Agostinho Neto's Day and National Heroes Day:
    public holiday: true
    start_date: '2023-09-18'
    end_date: '2023-09-18'
    names:
      en: Agostinho Neto's Day and National Heroes Day
      pt: Fundador da Nação e Dia dos Heróis Nacionais
- All Souls Day:
    public holiday: true
    start_date: '2023-11-02'
    end_date: '2023-11-02'
    names:
      en: All Souls Day
      pt: Dia de finados
- Independence Day:
    public holiday: true
    start_date: '2023-11-11'
    end_date: '2023-11-11'
    names:
      en: Independence Day
      pt: Dia da Independência
- Christmas Day:
    public holiday: true
    start_date: '2023-12-25'
    end_date: '2023-12-25'
    names:
      en: Christmas Day
      pt: Natal
'2024':
- New Year's Day:
    public holiday: true
    start_date: '2024-01-01'
    end_date: '2024-01-01'
    names:
      en: New Year's Day
      pt: Ano Novo
- Luanda's Day:
    public holiday: true
    start_date: '2024-01-25'
    end_date: '2024-01-25'
    names:
      en: Luanda's Day
      pt: Dia da Cidade de Luanda
- Day of the Armed Struggle:
    public holiday: true
    start_date: '2024-02-05'
    end_date: '2024-02-05'
    names:
      en: Day of the Armed Struggle
      pt: Dia Nacional do Esforço Armado
- Carnival (Shrove Tuesday):
    public holiday: true
    start_date: '2024-02-13'
    end_date: '2024-02-13'
    names:
      en: Carnival (Shrove Tuesday)
      pt: Carnaval
- International Women’s Day:
    public holiday: true
    start_date: '2024-03-08'
    end_date: '2024-03-08'
    names:
      en: International Women’s Day
      pt: Dia Internacional da Mulher
- Good Friday:
    public holiday: true
    start_date: '2024-03-29'
    end_date: '2024-03-29'
    names:
      en: Good Friday
      pt: Sexta-feira Santa
- Day of Peace and Reconciliation:
    public holiday: true
    start_date: '2024-04-04'
    end_date: '2024-04-04'
    names:
      en: Day of Peace and Reconciliation
      pt: Dia da Paz
- Labour Day:
    public holiday: true
    start_date: '2024-05-01'
    end_date: '2024-05-01'
    names:
      en: Labour Day
      pt: Dia do Trabalhador
- Agostinho Neto's Day and National Heroes Day:
    public holiday: true
    start_date: '2024-09-17'
    end_date: '2024-09-17'
    names:
      en: Agostinho Neto's Day and National Heroes Day
      pt: Fundador da Nação e Dia dos Heróis Nacionais
- All Souls Day:
    public holiday: true
    start_date: '2024-11-02'
    end_date: '2024-11-02'
    names:
      en: All Souls Day
      pt: Dia de finados
- Independence Day:
    public holiday: true
    start_date: '2024-11-11'
    end_date: '2024-11-11'
    names:
      en: Independence Day
      pt: Dia da Independência
- Christmas Day:
    public holiday: true
    start_date: '2024-12-25'
    end_date: '2024-12-25'
    names:
      en: Christmas Day
      pt: Natal
'2025':
- New Year's Day:
    public holiday: true
    start_date: '2025-01-01'
    end_date: '2025-01-01'
    names:
      en: New Year's Day
      pt: Ano Novo
- Luanda's Day:
    public holiday: true
    start_date: '2025-01-25'
    end_date: '2025-01-25'
    names:
      en: Luanda's Day
      pt: Dia da Cidade de Luanda
- Day of the Armed Struggle:
    public holiday: true
    start_date: '2025-02-04'
    end_date: '2025-02-04'
    names:
      en: Day of the Armed Struggle
      pt: Dia Nacional do Esforço Armado
- Carnival (Shrove Tuesday):
    public holiday: true
    start_date: '2025-03-04'
    end_date: '2025-03-04'
    names:
      en: Carnival (Shrove Tuesday)
      pt: Carnaval
- International Women’s Day:
    public holiday: true
    start_date: '2025-03-08'
    end_date: '2025-03-08'
    names:
      en: International Women’s Day
      pt: Dia Internacional da Mulher
- Day of Peace and Reconciliation:
    public holiday: true
    start_date: '2025-04-04'
    end_date: '2025-04-04'
    names:
      en: Day of Peace and Reconciliation
      pt: Dia da Paz
- Good Friday:
    public holiday: true
    start_date: '2025-04-18'
    end_date: '2025-04-18'
    names:
      en: Good Friday
      pt: Sexta-feira Santa
- Labour Day:
    public holiday: true
    start_date: '2025-05-01'
    end_date: '2025-05-01'
    names:
      en: Labour Day
      pt: Dia do Trabalhador
- Agostinho Neto's Day and National Heroes Day:
    public holiday: true
    start_date: '2025-09-17'
    end_date: '2025-09-17'
    names:
      en: Agostinho Neto's Day and National Heroes Day
      pt: Fundador da Nação e Dia dos Heróis Nacionais
- All Souls Day:
    public holiday: true
    start_date: '2025-11-03'
    end_date: '2025-11-03'
    names:
      en: All Souls Day
      pt: Dia de finados
- Independence Day:
    public holiday: true
    start_date: '2025-11-11'
    end_date: '2025-11-11'
    names:
      en: Independence Day
      pt: Dia da Independência
- Christmas Day:
    public holiday: true
    start_date: '2025-12-25'
    end_date: '2025-12-25'
    names:
      en: Christmas Day
      pt: Natal
'2026':
- New Year's Day:
    public holiday: true
    start_date: '2026-01-01'
    end_date: '2026-01-01'
    names:
      en: New Year's Day
      pt: Ano Novo
- Luanda's Day:
    public holiday: true
    start_date: '2026-01-26'
    end_date: '2026-01-26'
    names:
      en: Luanda's Day
      pt: Dia da Cidade de Luanda
- Day of the Armed Struggle:
    public holiday: true
    start_date: '2026-02-04'
    end_date: '2026-02-04'
    names:
      en: Day of the Armed Struggle
      pt: Dia Nacional do Esforço Armado
- Carnival (Shrove Tuesday):
    public holiday: true
    start_date: '2026-02-17'
    end_date: '2026-02-17'
    names:
      en: Carnival (Shrove Tuesday)
      pt: Carnaval
- International Women’s Day:
    public holiday: true
    start_date: '2026-03-09'
    end_date: '2026-03-09'
    names:
      en: International Women’s Day
      pt: Dia Internacional da Mulher
- Good Friday:
    public holiday: true
    start_date: '2026-04-03'
    end_date: '2026-04-03'
    names:
      en: Good Friday
      pt: Sexta-feira Santa
- Day of Peace and Reconciliation:
    public holiday: true
    start_date: '2026-04-04'
    end_date: '2026-04-04'
    names:
      en: Day of Peace and Reconciliation
      pt: Dia da Paz
- Labour Day:
    public holiday: true
    start_date: '2026-05-01'
    end_date: '2026-05-01'
    names:
      en: Labour Day
      pt: Dia do Trabalhador
- Agostinho Neto's Day and National Heroes Day:
    public holiday: true
    start_date: '2026-09-17'
    end_date: '2026-09-17'
    names:
      en: Agostinho Neto's Day and National Heroes Day
      pt: Fundador da Nação e Dia dos Heróis Nacionais
- All Souls Day:
    public holiday: true
    start_date: '2026-11-02'
    end_date: '2026-11-02'
    names:
      en: All Souls Day
      pt: Dia de finados
- Independence Day:
    public holiday: true
    start_date: '2026-11-11'
    end_date: '2026-11-11'
    names:
      en: Independence Day
      pt: Dia da Independência
- Christmas Day:
    public holiday: true
    start_date: '2026-12-25'
    end_date: '2026-12-25'
    names:
      en: Christmas Day
      pt: Natal
'2027':
- New Year's Day:
    public holiday: true
    start_date: '2027-01-01'
    end_date: '2027-01-01'
    names:
      en: New Year's Day
      pt: Ano Novo
- Luanda's Day:
    public holiday: true
    start_date: '2027-01-25'
    end_date: '2027-01-25'
    names:
      en: Luanda's Day
      pt: Dia da Cidade de Luanda
- Day of the Armed Struggle:
    public holiday: true
    start_date: '2027-02-04'
    end_date: '2027-02-04'
    names:
      en: Day of the Armed Struggle
      pt: Dia Nacional do Esforço Armado
- Carnival (Shrove Tuesday):
    public holiday: true
    start_date: '2027-02-09'
    end_date: '2027-02-09'
    names:
      en: Carnival (Shrove Tuesday)
      pt: Carnaval
- International Women’s Day:
    public holiday: true
    start_date: '2027-03-08'
    end_date: '2027-03-08'
    names:
      en: International Women’s Day
      pt: Dia Internacional da Mulher
- Good Friday:
    public holiday: true
    start_date: '2027-03-26'
    end_date: '2027-03-26'
    names:
      en: Good Friday
      pt: Sexta-feira Santa
- Day of Peace and Reconciliation:
    public holiday: true
    start_date: '2027-04-05'
    end_date: '2027-04-05'
    names:
      en: Day of Peace and Reconciliation
      pt: Dia da Paz
- Labour Day:
    public holiday: true
    start_date: '2027-05-01'
    end_date: '2027-05-01'
    names:
      en: Labour Day
      pt: Dia do Trabalhador
- Agostinho Neto's Day and National Heroes Day:
    public holiday: true
    start_date: '2027-09-17'
    end_date: '2027-09-17'
    names:
      en: Agostinho Neto's Day and National Heroes Day
      pt: Fundador da Nação e Dia dos Heróis Nacionais
- All Souls Day:
    public holiday: true
    start_date: '2027-11-02'
    end_date: '2027-11-02'
    names:
      en: All Souls Day
      pt: Dia de finados
- Independence Day:
    public holiday: true
    start_date: '2027-11-11'
    end_date: '2027-11-11'
    names:
      en: Independence Day
      pt: Dia da Independência
- Christmas Day:
    public holiday: true
    start_date: '2027-12-25'
    end_date: '2027-12-25'
    names:
      en: Christmas Day
      pt: Natal
'2028':
- New Year's Day:
    public holiday: true
    start_date: '2028-01-01'
    end_date: '2028-01-01'
    names:
      en: New Year's Day
      pt: Ano Novo
- Luanda's Day:
    public holiday: true
    start_date: '2028-01-25'
    end_date: '2028-01-25'
    names:
      en: Luanda's Day
      pt: Dia da Cidade de Luanda
- Day of the Armed Struggle:
    public holiday: true
    start_date: '2028-02-04'
    end_date: '2028-02-04'
    names:
      en: Day of the Armed Struggle
      pt: Dia Nacional do Esforço Armado
- Carnival (Shrove Tuesday):
    public holiday: true
    start_date: '2028-02-29'
    end_date: '2028-02-29'
    names:
      en: Carnival (Shrove Tuesday)
      pt: Carnaval
- International Women’s Day:
    public holiday: true
    start_date: '2028-03-08'
    end_date: '2028-03-08'
    names:
      en: International Women’s Day
      pt: Dia Internacional da Mulher
- Day of Peace and Reconciliation:
    public holiday: true
    start_date: '2028-04-04'
    end_date: '2028-04-04'
    names:
      en: Day of Peace and Reconciliation
      pt: Dia da Paz
- Good Friday:
    public holiday: true
    start_date: '2028-04-14'
    end_date: '2028-04-14'
    names:
      en: Good Friday
      pt: Sexta-feira Santa
- Labour Day:
    public holiday: true
    start_date: '2028-05-01'
    end_date: '2028-05-01'
    names:
      en: Labour Day
      pt: Dia do Trabalhador
- Agostinho Neto's Day and National Heroes Day:
    public holiday: true
    start_date: '2028-09-18'
    end_date: '2028-09-18'
    names:
      en: Agostinho Neto's Day and National Heroes Day
      pt: Fundador da Nação e Dia dos Heróis Nacionais
- All Souls Day:
    public holiday: true
    start_date: '2028-11-02'
    end_date: '2028-11-02'
    names:
      en: All Souls Day
      pt: Dia de finados
- Independence Day:
    public holiday: true
    start_date: '2028-11-11'
    end_date: '2028-11-11'
    names:
      en: Independence Day
      pt: Dia da Independência
- Christmas Day:
    public holiday: true
    start_date: '2028-12-25'
    end_date: '2028-12-25'
    names:
      en: Christmas Day
      pt: Natal
'2029':
- New Year's Day:
    public holiday: true
    start_date: '2029-01-01'
    end_date: '2029-01-01'
    names:
      en: New Year's Day
      pt: Ano Novo
- Luanda's Day:
    public holiday: true
    start_date: '2029-01-25'
    end_date: '2029-01-25'
    names:
      en: Luanda's Day
      pt: Dia da Cidade de Luanda
- Day of the Armed Struggle:
    public holiday: true
    start_date: '2029-02-05'
    end_date: '2029-02-05'
    names:
      en: Day of the Armed Struggle
      pt: Dia Nacional do Esforço Armado
- Carnival (Shrove Tuesday):
    public holiday: true
    start_date: '2029-02-13'
    end_date: '2029-02-13'
    names:
      en: Carnival (Shrove Tuesday)
      pt: Carnaval
- International Women’s Day:
    public holiday: true
    start_date: '2029-03-08'
    end_date: '2029-03-08'
    names:
      en: International Women’s Day
      pt: Dia Internacional da Mulher
- Good Friday:
    public holiday: true
    start_date: '2029-03-30'
    end_date: '2029-03-30'
    names:
      en: Good Friday
      pt: Sexta-feira Santa
- Day of Peace and Reconciliation:
    public holiday: true
    start_date: '2029-04-04'
    end_date: '2029-04-04'
    names:
      en: Day of Peace and Reconciliation
      pt: Dia da Paz
- Labour Day:
    public holiday: true
    start_date: '2029-05-01'
    end_date: '2029-05-01'
    names:
      en: Labour Day
      pt: Dia do Trabalhador
- Agostinho Neto's Day and National Heroes Day:
    public holiday: true
    start_date: '2029-09-17'
    end_date: '2029-09-17'
    names:
      en: Agostinho Neto's Day and National Heroes Day
      pt: Fundador da Nação e Dia dos Heróis Nacionais
- All Souls Day:
    public holiday: true
    start_date: '2029-11-02'
    end_date: '2029-11-02'
    names:
      en: All Souls Day
      pt: Dia de finados
- Independence Day:
    public holiday: true
    start_date: '2029-11-12'
    end_date: '2029-11-12'
    names:
      en: Independence Day
      pt: Dia da Independência
- Christmas Day:
    public holiday: true
    start_date: '2029-12-25'
    end_date: '2029-12-25'
    names:
      en: Christmas Day
      pt: Natal
'2030':
- New Year's Day:
    public holiday: true
    start_date: '2030-01-01'
    end_date: '2030-01-01'
    names:
      en: New Year's Day
      pt: Ano Novo
- Luanda's Day:
    public holiday: true
    start_date: '2030-01-25'
    end_date: '2030-01-25'
    names:
      en: Luanda's Day
      pt: Dia da Cidade de Luanda
- Day of the Armed Struggle:
    public holiday: true
    start_date: '2030-02-04'
    end_date: '2030-02-04'
    names:
      en: Day of the Armed Struggle
      pt: Dia Nacional do Esforço Armado
- Carnival (Shrove Tuesday):
    public holiday: true
    start_date: '2030-03-05'
    end_date: '2030-03-05'
    names:
      en: Carnival (Shrove Tuesday)
      pt: Carnaval
- International Women’s Day:
    public holiday: true
    start_date: '2030-03-08'
    end_date: '2030-03-08'
    names:
      en: International Women’s Day
      pt: Dia Internacional da Mulher
- Day of Peace and Reconciliation:
    public holiday: true
    start_date: '2030-04-04'
    end_date: '2030-04-04'
    names:
      en: Day of Peace and Reconciliation
      pt: Dia da Paz
- Good Friday:
    public holiday: true
    start_date: '2030-04-19'
    end_date: '2030-04-19'
    names:
      en: Good Friday
      pt: Sexta-feira Santa
- Labour Day:
    public holiday: true
    start_date: '2030-05-01'
    end_date: '2030-05-01'
    names:
      en: Labour Day
      pt: Dia do Trabalhador
- Agostinho Neto's Day and National Heroes Day:
    public holiday: true
    start_date: '2030-09-17'
    end_date: '2030-09-17'
    names:
      en: Agostinho Neto's Day and National Heroes Day
      pt: Fundador da Nação e Dia dos Heróis Nacionais
- All Souls Day:
    public holiday: true
    start_date: '2030-11-02'
    end_date: '2030-11-02'
    names:
      en: All Souls Day
      pt: Dia de finados
- Independence Day:
    public holiday: true
    start_date: '2030-11-11'
    end_date: '2030-11-11'
    names:
      en: Independence Day
      pt: Dia da Independência
- Christmas Day:
    public holiday: true
    start_date: '2030-12-25'
    end_date: '2030-12-25'
    names:
      en: Christmas Day
      pt: Natal
'2031':
- New Year's Day:
    public holiday: true
    start_date: '2031-01-01'
    end_date: '2031-01-01'
    names:
      en: New Year's Day
      pt: Ano Novo
- Luanda's Day:
    public holiday: true
    start_date: '2031-01-25'
    end_date: '2031-01-25'
    names:
      en: Luanda's Day
      pt: Dia da Cidade de Luanda
- Day of the Armed Struggle:
    public holiday: true
    start_date: '2031-02-04'
    end_date: '2031-02-04'
    names:
      en: Day of the Armed Struggle
      pt: Dia Nacional do Esforço Armado
- Carnival (Shrove Tuesday):
    public holiday: true
    start_date: '2031-02-25'
    end_date: '2031-02-25'
    names:
      en: Carnival (Shrove Tuesday)
      pt: Carnaval
- International Women’s Day:
    public holiday: true
    start_date: '2031-03-08'
    end_date: '2031-03-08'
    names:
      en: International Women’s Day
      pt: Dia Internacional da Mulher
- Day of Peace and Reconciliation:
    public holiday: true
    start_date: '2031-04-04'
    end_date: '2031-04-04'
    names:
      en: Day of Peace and Reconciliation
      pt: Dia da Paz
- Good Friday:
    public holiday: true
    start_date: '2031-04-11'
    end_date: '2031-04-11'
    names:
      en: Good Friday
      pt: Sexta-feira Santa
- Labour Day:
    public holiday: true
    start_date: '2031-05-01'
    end_date: '2031-05-01'
    names:
      en: Labour Day
      pt: Dia do Trabalhador
- Agostinho Neto's Day and National Heroes Day:
    public holiday: true
    start_date: '2031-09-17'
    end_date: '2031-09-17'
    names:
      en: Agostinho Neto's Day and National Heroes Day
      pt: Fundador da Nação e Dia dos Heróis Nacionais
- All Souls Day:
    public holiday: true
    start_date: '2031-11-03'
    end_date: '2031-11-03'
    names:
      en: All Souls Day
      pt: Dia de finados
- Independence Day:
    public holiday: true
    start_date: '2031-11-11'
    end_date: '2031-11-11'
    names:
      en: Independence Day
      pt: Dia da Independência
- Christmas Day:
    public holiday: true
    start_date: '2031-12-25'
    end_date: '2031-12-25'
    names:
      en: Christmas Day
      pt: Natal
'2032':
- New Year's Day:
    public holiday: true
    start_date: '2032-01-01'
    end_date: '2032-01-01'
    names:
      en: New Year's Day
      pt: Ano Novo
- Luanda's Day:
    public holiday: true
    start_date: '2032-01-26'
    end_date: '2032-01-26'
    names:
      en: Luanda's Day
      pt: Dia da Cidade de Luanda
- Day of the Armed Struggle:
    public holiday: true
    start_date: '2032-02-04'
    end_date: '2032-02-04'
    names:
      en: Day of the Armed Struggle
      pt: Dia Nacional do Esforço Armado
- Carnival (Shrove Tuesday):
    public holiday: true
    start_date: '2032-02-10'
    end_date: '2032-02-10'
    names:
      en: Carnival (Shrove Tuesday)
      pt: Carnaval
- International Women’s Day:
    public holiday: true
    start_date: '2032-03-08'
    end_date: '2032-03-08'
    names:
      en: International Women’s Day
      pt: Dia Internacional da Mulher
- Good Friday:
    public holiday: true
    start_date: '2032-03-26'
    end_date: '2032-03-26'
    names:
      en: Good Friday
      pt: Sexta-feira Santa
- Day of Peace and Reconciliation:
    public holiday: true
    start_date: '2032-04-05'
    end_date: '2032-04-05'
    names:
      en: Day of Peace and Reconciliation
      pt: Dia da Paz
- Labour Day:
    public holiday: true
    start_date: '2032-05-01'
    end_date: '2032-05-01'
    names:
      en: Labour Day
      pt: Dia do Trabalhador
- Agostinho Neto's Day and National Heroes Day:
    public holiday: true
    start_date: '2032-09-17'
    end_date: '2032-09-17'
    names:
      en: Agostinho Neto's Day and National Heroes Day
      pt: Fundador da Nação e Dia dos Heróis Nacionais
- All Souls Day:
    public holiday: true
    start_date: '2032-11-02'
    end_date: '2032-11-02'
    names:
      en: All Souls Day
      pt: Dia de finados
- Independence Day:
    public holiday: true
    start_date: '2032-11-11'
    end_date: '2032-11-11'
    names:
      en: Independence Day
      pt: Dia da Independência
- Christmas Day:
    public holiday: true
    start_date: '2032-12-25'
    end_date: '2032-12-25'
    names:
      en: Christmas Day
      pt: Natal
'2033':
- New Year's Day:
    public holiday: true
    start_date: '2033-01-01'
    end_date: '2033-01-01'
    names:
      en: New Year's Day
      pt: Ano Novo
- Luanda's Day:
    public holiday: true
    start_date: '2033-01-25'
    end_date: '2033-01-25'
    names:
      en: Luanda's Day
      pt: Dia da Cidade de Luanda
- Day of the Armed Struggle:
    public holiday: true
    start_date: '2033-02-04'
    end_date: '2033-02-04'
    names:
      en: Day of the Armed Struggle
      pt: Dia Nacional do Esforço Armado
- Carnival (Shrove Tuesday):
    public holiday: true
    start_date: '2033-03-01'
    end_date: '2033-03-01'
    names:
      en: Carnival (Shrove Tuesday)
      pt: Carnaval
- International Women’s Day:
    public holiday: true
    start_date: '2033-03-08'
    end_date: '2033-03-08'
    names:
      en: International Women’s Day
      pt: Dia Internacional da Mulher
- Day of Peace and Reconciliation:
    public holiday: true
    start_date: '2033-04-04'
    end_date: '2033-04-04'
    names:
      en: Day of Peace and Reconciliation
      pt: Dia da Paz
- Good Friday:
    public holiday: true
    start_date: '2033-04-15'
    end_date: '2033-04-15'
    names:
      en: Good Friday
      pt: Sexta-feira Santa
- Labour Day:
    public holiday: true
    start_date: '2033-05-02'
    end_date: '2033-05-02'
    names:
      en: Labour Day
      pt: Dia do Trabalhador
- Agostinho Neto's Day and National Heroes Day:
    public holiday: true
    start_date: '2033-09-17'
    end_date: '2033-09-17'
    names:
      en: Agostinho Neto's Day and National Heroes Day
      pt: Fundador da Nação e Dia dos Heróis Nacionais
- All Souls Day:
    public holiday: true
    start_date: '2033-11-02'
    end_date: '2033-11-02'
    names:
      en: All Souls Day
      pt: Dia de finados
- Independence Day:
    public holiday: true
    start_date: '2033-11-11'
    end_date: '2033-11-11'
    names:
      en: Independence Day
      pt: Dia da Independência
- Christmas Day:
    public holiday: true
    start_date: '2033-12-26'
    end_date: '2033-12-26'
    names:
      en: Christmas Day
      pt: Natal
'2034':
- New Year's Day:
    public holiday: true
    start_date: '2034-01-02'
    end_date: '2034-01-02'
    names:
      en: New Year's Day
      pt: Ano Novo
- Luanda's Day:
    public holiday: true
    start_date: '2034-01-25'
    end_date: '2034-01-25'
    names:
      en: Luanda's Day
      pt: Dia da Cidade de Luanda
- Day of the Armed Struggle:
    public holiday: true
    start_date: '2034-02-04'
    end_date: '2034-02-04'
    names:
      en: Day of the Armed Struggle
      pt: Dia Nacional do Esforço Armado
- Carnival (Shrove Tuesday):
    public holiday: true
    start_date: '2034-02-21'
    end_date: '2034-02-21'
    names:
      en: Carnival (Shrove Tuesday)
      pt: Carnaval
- International Women’s Day:
    public holiday: true
    start_date: '2034-03-08'
    end_date: '2034-03-08'
    names:
      en: International Women’s Day
      pt: Dia Internacional da Mulher
- Day of Peace and Reconciliation:
    public holiday: true
    start_date: '2034-04-04'
    end_date: '2034-04-04'
    names:
      en: Day of Peace and Reconciliation
      pt: Dia da Paz
- Good Friday:
    public holiday: true
    start_date: '2034-04-07'
    end_date: '2034-04-07'
    names:
      en: Good Friday
      pt: Sexta-feira Santa
- Labour Day:
    public holiday: true
    start_date: '2034-05-01'
    end_date: '2034-05-01'
    names:
      en: Labour Day
      pt: Dia do Trabalhador
- Agostinho Neto's Day and National Heroes Day:
    public holiday: true
    start_date: '2034-09-18'
    end_date: '2034-09-18'
    names:
      en: Agostinho Neto's Day and National Heroes Day
      pt: Fundador da Nação e Dia dos Heróis Nacionais
- All Souls Day:
    public holiday: true
    start_date: '2034-11-02'
    end_date: '2034-11-02'
    names:
      en: All Souls Day
      pt: Dia de finados
- Independence Day:
    public holiday: true
    start_date: '2034-11-11'
    end_date: '2034-11-11'
    names:
      en: Independence Day
      pt: Dia da Independência
- Christmas Day:
    public holiday: true
    start_date: '2034-12-25'
    end_date: '2034-12-25'
    names:
      en: Christmas Day
      pt: Natal
'2035':
- New Year's Day:
    public holiday: true
    start_date: '2035-01-01'
    end_date: '2035-01-01'
    names:
      en: New Year's Day
      pt: Ano Novo
- Luanda's Day:
    public holiday: true
    start_date: '2035-01-25'
    end_date: '2035-01-25'
    names:
      en: Luanda's Day
      pt: Dia da Cidade de Luanda
- Day of the Armed Struggle:
    public holiday: true
    start_date: '2035-02-05'
    end_date: '2035-02-05'
    names:
      en: Day of the Armed Struggle
      pt: Dia Nacional do Esforço Armado
- Carnival (Shrove Tuesday):
    public holiday: true
    start_date: '2035-02-06'
    end_date: '2035-02-06'
    names:
      en: Carnival (Shrove Tuesday)
      pt: Carnaval
- International Women’s Day:
    public holiday: true
    start_date: '2035-03-08'
    end_date: '2035-03-08'
    names:
      en: International Women’s Day
      pt: Dia Internacional da Mulher
- Good Friday:
    public holiday: true
    start_date: '2035-03-23'
    end_date: '2035-03-23'
    names:
      en: Good Friday
      pt: Sexta-feira Santa
- Day of Peace and Reconciliation:
    public holiday: true
    start_date: '2035-04-04'
    end_date: '2035-04-04'
    names:
      en: Day of Peace and Reconciliation
      pt: Dia da Paz
- Labour Day:
    public holiday: true
    start_date: '2035-05-01'
    end_date: '2035-05-01'
    names:
      en: Labour Day
      pt: Dia do Trabalhador
- Agostinho Neto's Day and National Heroes Day:
    public holiday: true
    start_date: '2035-09-17'
    end_date: '2035-09-17'
    names:
      en: Agostinho Neto's Day and National Heroes Day
      pt: Fundador da Nação e Dia dos Heróis Nacionais
- All Souls Day:
    public holiday: true
    start_date: '2035-11-02'
    end_date: '2035-11-02'
    names:
      en: All Souls Day
      pt: Dia de finados
- Independence Day:
    public holiday: true
    start_date: '2035-11-12'
    end_date: '2035-11-12'
    names:
      en: Independence Day
      pt: Dia da Independência
- Christmas Day:
    public holiday: true
    start_date: '2035-12-25'
    end_date: '2035-12-25'
    names:
      en: Christmas Day
      pt: Natal
'2036':
- New Year's Day:
    public holiday: true
    start_date: '2036-01-01'
    end_date: '2036-01-01'
    names:
      en: New Year's Day
      pt: Ano Novo
- Luanda's Day:
    public holiday: true
    start_date: '2036-01-25'
    end_date: '2036-01-25'
    names:
      en: Luanda's Day
      pt: Dia da Cidade de Luanda
- Day of the Armed Struggle:
    public holiday: true
    start_date: '2036-02-04'
    end_date: '2036-02-04'
    names:
      en: Day of the Armed Struggle
      pt: Dia Nacional do Esforço Armado
- Carnival (Shrove Tuesday):
    public holiday: true
    start_date: '2036-02-26'
    end_date: '2036-02-26'
    names:
      en: Carnival (Shrove Tuesday)
      pt: Carnaval
- International Women’s Day:
    public holiday: true
    start_date: '2036-03-08'
    end_date: '2036-03-08'
    names:
      en: International Women’s Day
      pt: Dia Internacional da Mulher
- Day of Peace and Reconciliation:
    public holiday: true
    start_date: '2036-04-04'
    end_date: '2036-04-04'
    names:
      en: Day of Peace and Reconciliation
      pt: Dia da Paz
- Good Friday:
    public holiday: true
    start_date: '2036-04-11'
    end_date: '2036-04-11'
    names:
      en: Good Friday
      pt: Sexta-feira Santa
- Labour Day:
    public holiday: true
    start_date: '2036-05-01'
    end_date: '2036-05-01'
    names:
      en: Labour Day
      pt: Dia do Trabalhador
- Agostinho Neto's Day and National Heroes Day:
    public holiday: true
    start_date: '2036-09-17'
    end_date: '2036-09-17'
    names:
      en: Agostinho Neto's Day and National Heroes Day
      pt: Fundador da Nação e Dia dos Heróis Nacionais
- All Souls Day:
    public holiday: true
    start_date: '2036-11-03'
    end_date: '2036-11-03'
    names:
      en: All Souls Day
      pt: Dia de finados
- Independence Day:
    public holiday: true
    start_date: '2036-11-11'
    end_date: '2036-11-11'
    names:
      en: Independence Day
      pt: Dia da Independência
- Christmas Day:
    public holiday: true
    start_date: '2036-12-25'
    end_date: '2036-12-25'
    names:
      en: Christmas Day
      pt: Natal
'2037':
- New Year's Day:
    public holiday: true
    start_date: '2037-01-01'
    end_date: '2037-01-01'
    names:
      en: New Year's Day
      pt: Ano Novo
- Luanda's Day:
    public holiday: true
    start_date: '2037-01-26'
    end_date: '2037-01-26'
    names:
      en: Luanda's Day
      pt: Dia da Cidade de Luanda
- Day of the Armed Struggle:
    public holiday: true
    start_date: '2037-02-04'
    end_date: '2037-02-04'
    names:
      en: Day of the Armed Struggle
      pt: Dia Nacional do Esforço Armado
- Carnival (Shrove Tuesday):
    public holiday: true
    start_date: '2037-02-17'
    end_date: '2037-02-17'
    names:
      en: Carnival (Shrove Tuesday)
      pt: Carnaval
- International Women’s Day:
    public holiday: true
    start_date: '2037-03-09'
    end_date: '2037-03-09'
    names:
      en: International Women’s Day
      pt: Dia Internacional da Mulher
- Good Friday:
    public holiday: true
    start_date: '2037-04-03'
    end_date: '2037-04-03'
    names:
      en: Good Friday
      pt: Sexta-feira Santa
- Day of Peace and Reconciliation:
    public holiday: true
    start_date: '2037-04-04'
    end_date: '2037-04-04'
    names:
      en: Day of Peace and Reconciliation
      pt: Dia da Paz
- Labour Day:
    public holiday: true
    start_date: '2037-05-01'
    end_date: '2037-05-01'
    names:
      en: Labour Day
      pt: Dia do Trabalhador
- Agostinho Neto's Day and National Heroes Day:
    public holiday: true
    start_date: '2037-09-17'
    end_date: '2037-09-17'
    names:
      en: Agostinho Neto's Day and National Heroes Day
      pt: Fundador da Nação e Dia dos Heróis Nacionais
- All Souls Day:
    public holiday: true
    start_date: '2037-11-02'
    end_date: '2037-11-02'
    names:
      en: All Souls Day
      pt: Dia de finados
- Independence Day:
    public holiday: true
    start_date: '2037-11-11'
    end_date: '2037-11-11'
    names:
      en: Independence Day
      pt: Dia da Independência
- Christmas Day:
    public holiday: true
    start_date: '2037-12-25'
    end_date: '2037-12-25'
    names:
      en: Christmas Day
      pt: Natal
'2038':
- New Year's Day:
    public holiday: true
    start_date: '2038-01-01'
    end_date: '2038-01-01'
    names:
      en: New Year's Day
      pt: Ano Novo
- Luanda's Day:
    public holiday: true
    start_date: '2038-01-25'
    end_date: '2038-01-25'
    names:
      en: Luanda's Day
      pt: Dia da Cidade de Luanda
- Day of the Armed Struggle:
    public holiday: true
    start_date: '2038-02-04'
    end_date: '2038-02-04'
    names:
      en: Day of the Armed Struggle
      pt: Dia Nacional do Esforço Armado
- International Women’s Day:
    public holiday: true
    start_date: '2038-03-08'
    end_date: '2038-03-08'
    names:
      en: International Women’s Day
      pt: Dia Internacional da Mulher
- Carnival (Shrove Tuesday):
    public holiday: true
    start_date: '2038-03-09'
    end_date: '2038-03-09'
    names:
      en: Carnival (Shrove Tuesday)
      pt: Carnaval
- Day of Peace and Reconciliation:
    public holiday: true
    start_date: '2038-04-05'
    end_date: '2038-04-05'
    names:
      en: Day of Peace and Reconciliation
      pt: Dia da Paz
- Good Friday:
    public holiday: true
    start_date: '2038-04-23'
    end_date: '2038-04-23'
    names:
      en: Good Friday
      pt: Sexta-feira Santa
- Labour Day:
    public holiday: true
    start_date: '2038-05-01'
    end_date: '2038-05-01'
    names:
      en: Labour Day
      pt: Dia do Trabalhador
- Agostinho Neto's Day and National Heroes Day:
    public holiday: true
    start_date: '2038-09-17'
    end_date: '2038-09-17'
    names:
      en: Agostinho Neto's Day and National Heroes Day
      pt: Fundador da Nação e Dia dos Heróis Nacionais
- All Souls Day:
    public holiday: true
    start_date: '2038-11-02'
    end_date: '2038-11-02'
    names:
      en: All Souls Day
      pt: Dia de finados
- Independence Day:
    public holiday: true
    start_date: '2038-11-11'
    end_date: '2038-11-11'
    names:
      en: Independence Day
      pt: Dia da Independência
- Christmas Day:
    public holiday: true
    start_date: '2038-12-25'
    end_date: '2038-12-25'
    names:
      en: Christmas Day
      pt: Natal
'2039':
- New Year's Day:
    public holiday: true
    start_date: '2039-01-01'
    end_date: '2039-01-01'
    names:
      en: New Year's Day
      pt: Ano Novo
- Luanda's Day:
    public holiday: true
    start_date: '2039-01-25'
    end_date: '2039-01-25'
    names:
      en: Luanda's Day
      pt: Dia da Cidade de Luanda
- Day of the Armed Struggle:
    public holiday: true
    start_date: '2039-02-04'
    end_date: '2039-02-04'
    names:
      en: Day of the Armed Struggle
      pt: Dia Nacional do Esforço Armado
- Carnival (Shrove Tuesday):
    public holiday: true
    start_date: '2039-02-22'
    end_date: '2039-02-22'
    names:
      en: Carnival (Shrove Tuesday)
      pt: Carnaval
- International Women’s Day:
    public holiday: true
    start_date: '2039-03-08'
    end_date: '2039-03-08'
    names:
      en: International Women’s Day
      pt: Dia Internacional da Mulher
- Day of Peace and Reconciliation:
    public holiday: true
    start_date: '2039-04-04'
    end_date: '2039-04-04'
    names:
      en: Day of Peace and Reconciliation
      pt: Dia da Paz
- Good Friday:
    public holiday: true
    start_date: '2039-04-08'
    end_date: '2039-04-08'
    names:
      en: Good Friday
      pt: Sexta-feira Santa
- Labour Day:
    public holiday: true
    start_date: '2039-05-02'
    end_date: '2039-05-02'
    names:
      en: Labour Day
      pt: Dia do Trabalhador
- Agostinho Neto's Day and National Heroes Day:
    public holiday: true
    start_date: '2039-09-17'
    end_date: '2039-09-17'
    names:
      en: Agostinho Neto's Day and National Heroes Day
      pt: Fundador da Nação e Dia dos Heróis Nacionais
- All Souls Day:
    public holiday: true
    start_date: '2039-11-02'
    end_date: '2039-11-02'
    names:
      en: All Souls Day
      pt: Dia de finados
- Independence Day:
    public holiday: true
    start_date: '2039-11-11'
    end_date: '2039-11-11'
    names:
      en: Independence Day
      pt: Dia da Independência
- Christmas Day:
    public holiday: true
    start_date: '2039-12-26'
    end_date: '2039-12-26'
    names:
      en: Christmas Day
      pt: Natal
'2040':
- New Year's Day:
    public holiday: true
    start_date: '2040-01-02'
    end_date: '2040-01-02'
    names:
      en: New Year's Day
      pt: Ano Novo
- Luanda's Day:
    public holiday: true
    start_date: '2040-01-25'
    end_date: '2040-01-25'
    names:
      en: Luanda's Day
      pt: Dia da Cidade de Luanda
- Day of the Armed Struggle:
    public holiday: true
    start_date: '2040-02-04'
    end_date: '2040-02-04'
    names:
      en: Day of the Armed Struggle
      pt: Dia Nacional do Esforço Armado
- Carnival (Shrove Tuesday):
    public holiday: true
    start_date: '2040-02-14'
    end_date: '2040-02-14'
    names:
      en: Carnival (Shrove Tuesday)
      pt: Carnaval
- International Women’s Day:
    public holiday: true
    start_date: '2040-03-08'
    end_date: '2040-03-08'
    names:
      en: International Women’s Day
      pt: Dia Internacional da Mulher
- Good Friday:
    public holiday: true
    start_date: '2040-03-30'
    end_date: '2040-03-30'
    names:
      en: Good Friday
      pt: Sexta-feira Santa
- Day of Peace and Reconciliation:
    public holiday: true
    start_date: '2040-04-04'
    end_date: '2040-04-04'
    names:
      en: Day of Peace and Reconciliation
      pt: Dia da Paz
- Labour Day:
    public holiday: true
    start_date: '2040-05-01'
    end_date: '2040-05-01'
    names:
      en: Labour Day
      pt: Dia do Trabalhador
- Agostinho Neto's Day and National Heroes Day:
    public holiday: true
    start_date: '2040-09-17'
    end_date: '2040-09-17'
    names:
      en: Agostinho Neto's Day and National Heroes Day
      pt: Fundador da Nação e Dia dos Heróis Nacionais
- All Souls Day:
    public holiday: true
    start_date: '2040-11-02'
    end_date: '2040-11-02'
    names:
      en: All Souls Day
      pt: Dia de finados
- Independence Day:
    public holiday: true
    start_date: '2040-11-12'
    end_date: '2040-11-12'
    names:
      en: Independence Day
      pt: Dia da Independência
- Christmas Day:
    public holiday: true
    start_date: '2040-12-25'
    end_date: '2040-12-25'
    names:
      en: Christmas Day
      pt: Natal
