---
name: Quebec
'2011':
- New Year's Day:
    public_holiday: true
    start_date: '2011-01-01'
    end_date: '2011-01-01'
    names:
      en: Jour de l'An
- New Year’s Holiday:
    public_holiday: true
    start_date: '2011-01-02'
    end_date: '2011-01-02'
    names:
      en: Vacances nouvel an
- Good Friday:
    public_holiday: true
    start_date: '2011-04-22'
    end_date: '2011-04-22'
    names:
      en: Vendredi saint
- Easter Monday:
    public_holiday: true
    start_date: '2011-04-25'
    end_date: '2011-04-25'
    names:
      en: Lundi de Pâques
- National Patriots’ Day:
    public_holiday: true
    start_date: '2011-05-23'
    end_date: '2011-05-23'
    names:
      en: Journée nationale des patriotes
- National Holiday of Quebec:
    public_holiday: true
    start_date: '2011-06-24'
    end_date: '2011-06-24'
    names:
      en: Fête nationale du Québec
- Canada Day:
    public_holiday: true
    start_date: '2011-07-01'
    end_date: '2011-07-01'
    names:
      en: Fête du Canada
- Labour Day:
    public_holiday: true
    start_date: '2011-09-05'
    end_date: '2011-09-05'
    names:
      en: Fête du travail
- Thanksgiving Day:
    public_holiday: true
    start_date: '2011-10-10'
    end_date: '2011-10-10'
    names:
      en: Action de grâce
- Christmas Day:
    public_holiday: true
    start_date: '2011-12-25'
    end_date: '2011-12-25'
    names:
      en: Noël
'2012':
- New Year's Day:
    public_holiday: true
    start_date: '2012-01-01'
    end_date: '2012-01-01'
    names:
      en: Jour de l'An
- New Year’s Holiday:
    public_holiday: true
    start_date: '2012-01-02'
    end_date: '2012-01-02'
    names:
      en: Vacances nouvel an
- Good Friday:
    public_holiday: true
    start_date: '2012-04-06'
    end_date: '2012-04-06'
    names:
      en: Vendredi saint
- Easter Monday:
    public_holiday: true
    start_date: '2012-04-09'
    end_date: '2012-04-09'
    names:
      en: Lundi de Pâques
- National Patriots’ Day:
    public_holiday: true
    start_date: '2012-05-21'
    end_date: '2012-05-21'
    names:
      en: Journée nationale des patriotes
- National Holiday of Quebec:
    public_holiday: true
    start_date: '2012-06-24'
    end_date: '2012-06-24'
    names:
      en: Fête nationale du Québec
- Canada Day:
    public_holiday: true
    start_date: '2012-07-02'
    end_date: '2012-07-02'
    names:
      en: Fête du Canada
- Labour Day:
    public_holiday: true
    start_date: '2012-09-03'
    end_date: '2012-09-03'
    names:
      en: Fête du travail
- Thanksgiving Day:
    public_holiday: true
    start_date: '2012-10-08'
    end_date: '2012-10-08'
    names:
      en: Action de grâce
- Christmas Day:
    public_holiday: true
    start_date: '2012-12-25'
    end_date: '2012-12-25'
    names:
      en: Noël
'2013':
- New Year's Day:
    public_holiday: true
    start_date: '2013-01-01'
    end_date: '2013-01-01'
    names:
      en: Jour de l'An
- New Year’s Holiday:
    public_holiday: true
    start_date: '2013-01-02'
    end_date: '2013-01-02'
    names:
      en: Vacances nouvel an
- Good Friday:
    public_holiday: true
    start_date: '2013-03-29'
    end_date: '2013-03-29'
    names:
      en: Vendredi saint
- Easter Monday:
    public_holiday: true
    start_date: '2013-04-01'
    end_date: '2013-04-01'
    names:
      en: Lundi de Pâques
- National Patriots’ Day:
    public_holiday: true
    start_date: '2013-05-20'
    end_date: '2013-05-20'
    names:
      en: Journée nationale des patriotes
- National Holiday of Quebec:
    public_holiday: true
    start_date: '2013-06-24'
    end_date: '2013-06-24'
    names:
      en: Fête nationale du Québec
- Canada Day:
    public_holiday: true
    start_date: '2013-07-01'
    end_date: '2013-07-01'
    names:
      en: Fête du Canada
- Labour Day:
    public_holiday: true
    start_date: '2013-09-02'
    end_date: '2013-09-02'
    names:
      en: Fête du travail
- Thanksgiving Day:
    public_holiday: true
    start_date: '2013-10-14'
    end_date: '2013-10-14'
    names:
      en: Action de grâce
- Christmas Day:
    public_holiday: true
    start_date: '2013-12-25'
    end_date: '2013-12-25'
    names:
      en: Noël
'2014':
- New Year's Day:
    public_holiday: true
    start_date: '2014-01-01'
    end_date: '2014-01-01'
    names:
      en: Jour de l'An
- New Year’s Holiday:
    public_holiday: true
    start_date: '2014-01-02'
    end_date: '2014-01-02'
    names:
      en: Vacances nouvel an
- Good Friday:
    public_holiday: true
    start_date: '2014-04-18'
    end_date: '2014-04-18'
    names:
      en: Vendredi saint
- Easter Monday:
    public_holiday: true
    start_date: '2014-04-21'
    end_date: '2014-04-21'
    names:
      en: Lundi de Pâques
- National Patriots’ Day:
    public_holiday: true
    start_date: '2014-05-19'
    end_date: '2014-05-19'
    names:
      en: Journée nationale des patriotes
- National Holiday of Quebec:
    public_holiday: true
    start_date: '2014-06-24'
    end_date: '2014-06-24'
    names:
      en: Fête nationale du Québec
- Canada Day:
    public_holiday: true
    start_date: '2014-07-01'
    end_date: '2014-07-01'
    names:
      en: Fête du Canada
- Labour Day:
    public_holiday: true
    start_date: '2014-09-01'
    end_date: '2014-09-01'
    names:
      en: Fête du travail
- Thanksgiving Day:
    public_holiday: true
    start_date: '2014-10-13'
    end_date: '2014-10-13'
    names:
      en: Action de grâce
- Christmas Day:
    public_holiday: true
    start_date: '2014-12-25'
    end_date: '2014-12-25'
    names:
      en: Noël
'2015':
- New Year's Day:
    public_holiday: true
    start_date: '2015-01-01'
    end_date: '2015-01-01'
    names:
      en: Jour de l'An
- New Year’s Holiday:
    public_holiday: true
    start_date: '2015-01-02'
    end_date: '2015-01-02'
    names:
      en: Vacances nouvel an
- Good Friday:
    public_holiday: true
    start_date: '2015-04-03'
    end_date: '2015-04-03'
    names:
      en: Vendredi saint
- Easter Monday:
    public_holiday: true
    start_date: '2015-04-06'
    end_date: '2015-04-06'
    names:
      en: Lundi de Pâques
- National Patriots’ Day:
    public_holiday: true
    start_date: '2015-05-18'
    end_date: '2015-05-18'
    names:
      en: Journée nationale des patriotes
- National Holiday of Quebec:
    public_holiday: true
    start_date: '2015-06-24'
    end_date: '2015-06-24'
    names:
      en: Fête nationale du Québec
- Canada Day:
    public_holiday: true
    start_date: '2015-07-01'
    end_date: '2015-07-01'
    names:
      en: Fête du Canada
- Labour Day:
    public_holiday: true
    start_date: '2015-09-07'
    end_date: '2015-09-07'
    names:
      en: Fête du travail
- Thanksgiving Day:
    public_holiday: true
    start_date: '2015-10-12'
    end_date: '2015-10-12'
    names:
      en: Action de grâce
- Christmas Day:
    public_holiday: true
    start_date: '2015-12-25'
    end_date: '2015-12-25'
    names:
      en: Noël
'2016':
- New Year's Day:
    public_holiday: true
    start_date: '2016-01-01'
    end_date: '2016-01-01'
    names:
      en: Jour de l'An
- New Year’s Holiday:
    public_holiday: true
    start_date: '2016-01-02'
    end_date: '2016-01-02'
    names:
      en: Vacances nouvel an
- Good Friday:
    public_holiday: true
    start_date: '2016-03-25'
    end_date: '2016-03-25'
    names:
      en: Vendredi saint
- Easter Monday:
    public_holiday: true
    start_date: '2016-03-28'
    end_date: '2016-03-28'
    names:
      en: Lundi de Pâques
- National Patriots’ Day:
    public_holiday: true
    start_date: '2016-05-23'
    end_date: '2016-05-23'
    names:
      en: Journée nationale des patriotes
- National Holiday of Quebec:
    public_holiday: true
    start_date: '2016-06-24'
    end_date: '2016-06-24'
    names:
      en: Fête nationale du Québec
- Canada Day:
    public_holiday: true
    start_date: '2016-07-01'
    end_date: '2016-07-01'
    names:
      en: Fête du Canada
- Labour Day:
    public_holiday: true
    start_date: '2016-09-05'
    end_date: '2016-09-05'
    names:
      en: Fête du travail
- Thanksgiving Day:
    public_holiday: true
    start_date: '2016-10-10'
    end_date: '2016-10-10'
    names:
      en: Action de grâce
- Christmas Day:
    public_holiday: true
    start_date: '2016-12-25'
    end_date: '2016-12-25'
    names:
      en: Noël
'2017':
- New Year's Day:
    public_holiday: true
    start_date: '2017-01-01'
    end_date: '2017-01-01'
    names:
      en: Jour de l'An
- New Year’s Holiday:
    public_holiday: true
    start_date: '2017-01-02'
    end_date: '2017-01-02'
    names:
      en: Vacances nouvel an
- Good Friday:
    public_holiday: true
    start_date: '2017-04-14'
    end_date: '2017-04-14'
    names:
      en: Vendredi saint
- Easter Monday:
    public_holiday: true
    start_date: '2017-04-17'
    end_date: '2017-04-17'
    names:
      en: Lundi de Pâques
- National Patriots’ Day:
    public_holiday: true
    start_date: '2017-05-22'
    end_date: '2017-05-22'
    names:
      en: Journée nationale des patriotes
- National Holiday of Quebec:
    public_holiday: true
    start_date: '2017-06-24'
    end_date: '2017-06-24'
    names:
      en: Fête nationale du Québec
- Canada Day:
    public_holiday: true
    start_date: '2017-07-01'
    end_date: '2017-07-01'
    names:
      en: Fête du Canada
- Labour Day:
    public_holiday: true
    start_date: '2017-09-04'
    end_date: '2017-09-04'
    names:
      en: Fête du travail
- Thanksgiving Day:
    public_holiday: true
    start_date: '2017-10-09'
    end_date: '2017-10-09'
    names:
      en: Action de grâce
- Christmas Day:
    public_holiday: true
    start_date: '2017-12-25'
    end_date: '2017-12-25'
    names:
      en: Noël
'2018':
- New Year's Day:
    public_holiday: true
    start_date: '2018-01-01'
    end_date: '2018-01-01'
    names:
      en: Jour de l'An
- New Year’s Holiday:
    public_holiday: true
    start_date: '2018-01-02'
    end_date: '2018-01-02'
    names:
      en: Vacances nouvel an
- Good Friday:
    public_holiday: true
    start_date: '2018-03-30'
    end_date: '2018-03-30'
    names:
      en: Vendredi saint
- Easter Monday:
    public_holiday: true
    start_date: '2018-04-02'
    end_date: '2018-04-02'
    names:
      en: Lundi de Pâques
- National Patriots’ Day:
    public_holiday: true
    start_date: '2018-05-21'
    end_date: '2018-05-21'
    names:
      en: Journée nationale des patriotes
- National Holiday of Quebec:
    public_holiday: true
    start_date: '2018-06-24'
    end_date: '2018-06-24'
    names:
      en: Fête nationale du Québec
- Canada Day:
    public_holiday: true
    start_date: '2018-07-02'
    end_date: '2018-07-02'
    names:
      en: Fête du Canada
- Labour Day:
    public_holiday: true
    start_date: '2018-09-03'
    end_date: '2018-09-03'
    names:
      en: Fête du travail
- Thanksgiving Day:
    public_holiday: true
    start_date: '2018-10-08'
    end_date: '2018-10-08'
    names:
      en: Action de grâce
- Christmas Day:
    public_holiday: true
    start_date: '2018-12-25'
    end_date: '2018-12-25'
    names:
      en: Noël
'2019':
- New Year's Day:
    public_holiday: true
    start_date: '2019-01-01'
    end_date: '2019-01-01'
    names:
      en: Jour de l'An
- New Year’s Holiday:
    public_holiday: true
    start_date: '2019-01-02'
    end_date: '2019-01-02'
    names:
      en: Vacances nouvel an
- Good Friday:
    public_holiday: true
    start_date: '2019-04-19'
    end_date: '2019-04-19'
    names:
      en: Vendredi saint
- Easter Monday:
    public_holiday: true
    start_date: '2019-04-22'
    end_date: '2019-04-22'
    names:
      en: Lundi de Pâques
- National Patriots’ Day:
    public_holiday: true
    start_date: '2019-05-20'
    end_date: '2019-05-20'
    names:
      en: Journée nationale des patriotes
- National Holiday of Quebec:
    public_holiday: true
    start_date: '2019-06-24'
    end_date: '2019-06-24'
    names:
      en: Fête nationale du Québec
- Canada Day:
    public_holiday: true
    start_date: '2019-07-01'
    end_date: '2019-07-01'
    names:
      en: Fête du Canada
- Labour Day:
    public_holiday: true
    start_date: '2019-09-02'
    end_date: '2019-09-02'
    names:
      en: Fête du travail
- Thanksgiving Day:
    public_holiday: true
    start_date: '2019-10-14'
    end_date: '2019-10-14'
    names:
      en: Action de grâce
- Christmas Day:
    public_holiday: true
    start_date: '2019-12-25'
    end_date: '2019-12-25'
    names:
      en: Noël
'2020':
- New Year's Day:
    public_holiday: true
    start_date: '2020-01-01'
    end_date: '2020-01-01'
    names:
      en: Jour de l'An
- New Year’s Holiday:
    public_holiday: true
    start_date: '2020-01-02'
    end_date: '2020-01-02'
    names:
      en: Vacances nouvel an
- Good Friday:
    public_holiday: true
    start_date: '2020-04-10'
    end_date: '2020-04-10'
    names:
      en: Vendredi saint
- Easter Monday:
    public_holiday: true
    start_date: '2020-04-13'
    end_date: '2020-04-13'
    names:
      en: Lundi de Pâques
- National Patriots’ Day:
    public_holiday: true
    start_date: '2020-05-18'
    end_date: '2020-05-18'
    names:
      en: Journée nationale des patriotes
- National Holiday of Quebec:
    public_holiday: true
    start_date: '2020-06-24'
    end_date: '2020-06-24'
    names:
      en: Fête nationale du Québec
- Canada Day:
    public_holiday: true
    start_date: '2020-07-01'
    end_date: '2020-07-01'
    names:
      en: Fête du Canada
- Labour Day:
    public_holiday: true
    start_date: '2020-09-07'
    end_date: '2020-09-07'
    names:
      en: Fête du travail
- Thanksgiving Day:
    public_holiday: true
    start_date: '2020-10-12'
    end_date: '2020-10-12'
    names:
      en: Action de grâce
- Christmas Day:
    public_holiday: true
    start_date: '2020-12-25'
    end_date: '2020-12-25'
    names:
      en: Noël
'2021':
- New Year's Day:
    public_holiday: true
    start_date: '2021-01-01'
    end_date: '2021-01-01'
    names:
      en: Jour de l'An
- New Year’s Holiday:
    public_holiday: true
    start_date: '2021-01-02'
    end_date: '2021-01-02'
    names:
      en: Vacances nouvel an
- Good Friday:
    public_holiday: true
    start_date: '2021-04-02'
    end_date: '2021-04-02'
    names:
      en: Vendredi saint
- Easter Monday:
    public_holiday: true
    start_date: '2021-04-05'
    end_date: '2021-04-05'
    names:
      en: Lundi de Pâques
- National Patriots’ Day:
    public_holiday: true
    start_date: '2021-05-24'
    end_date: '2021-05-24'
    names:
      en: Journée nationale des patriotes
- National Holiday of Quebec:
    public_holiday: true
    start_date: '2021-06-24'
    end_date: '2021-06-24'
    names:
      en: Fête nationale du Québec
- Canada Day:
    public_holiday: true
    start_date: '2021-07-01'
    end_date: '2021-07-01'
    names:
      en: Fête du Canada
- Labour Day:
    public_holiday: true
    start_date: '2021-09-06'
    end_date: '2021-09-06'
    names:
      en: Fête du travail
- Thanksgiving Day:
    public_holiday: true
    start_date: '2021-10-11'
    end_date: '2021-10-11'
    names:
      en: Action de grâce
- Christmas Day:
    public_holiday: true
    start_date: '2021-12-25'
    end_date: '2021-12-25'
    names:
      en: Noël
'2022':
- New Year's Day:
    public_holiday: true
    start_date: '2022-01-01'
    end_date: '2022-01-01'
    names:
      en: Jour de l'An
- New Year’s Holiday:
    public_holiday: true
    start_date: '2022-01-02'
    end_date: '2022-01-02'
    names:
      en: Vacances nouvel an
- Good Friday:
    public_holiday: true
    start_date: '2022-04-15'
    end_date: '2022-04-15'
    names:
      en: Vendredi saint
- Easter Monday:
    public_holiday: true
    start_date: '2022-04-18'
    end_date: '2022-04-18'
    names:
      en: Lundi de Pâques
- National Patriots’ Day:
    public_holiday: true
    start_date: '2022-05-23'
    end_date: '2022-05-23'
    names:
      en: Journée nationale des patriotes
- National Holiday of Quebec:
    public_holiday: true
    start_date: '2022-06-24'
    end_date: '2022-06-24'
    names:
      en: Fête nationale du Québec
- Canada Day:
    public_holiday: true
    start_date: '2022-07-01'
    end_date: '2022-07-01'
    names:
      en: Fête du Canada
- Labour Day:
    public_holiday: true
    start_date: '2022-09-05'
    end_date: '2022-09-05'
    names:
      en: Fête du travail
- Thanksgiving Day:
    public_holiday: true
    start_date: '2022-10-10'
    end_date: '2022-10-10'
    names:
      en: Action de grâce
- Christmas Day:
    public_holiday: true
    start_date: '2022-12-25'
    end_date: '2022-12-25'
    names:
      en: Noël
'2023':
- New Year's Day:
    public_holiday: true
    start_date: '2023-01-01'
    end_date: '2023-01-01'
    names:
      en: Jour de l'An
- New Year’s Holiday:
    public_holiday: true
    start_date: '2023-01-02'
    end_date: '2023-01-02'
    names:
      en: Vacances nouvel an
- Good Friday:
    public_holiday: true
    start_date: '2023-04-07'
    end_date: '2023-04-07'
    names:
      en: Vendredi saint
- Easter Monday:
    public_holiday: true
    start_date: '2023-04-10'
    end_date: '2023-04-10'
    names:
      en: Lundi de Pâques
- National Patriots’ Day:
    public_holiday: true
    start_date: '2023-05-22'
    end_date: '2023-05-22'
    names:
      en: Journée nationale des patriotes
- National Holiday of Quebec:
    public_holiday: true
    start_date: '2023-06-24'
    end_date: '2023-06-24'
    names:
      en: Fête nationale du Québec
- Canada Day:
    public_holiday: true
    start_date: '2023-07-01'
    end_date: '2023-07-01'
    names:
      en: Fête du Canada
- Labour Day:
    public_holiday: true
    start_date: '2023-09-04'
    end_date: '2023-09-04'
    names:
      en: Fête du travail
- Thanksgiving Day:
    public_holiday: true
    start_date: '2023-10-09'
    end_date: '2023-10-09'
    names:
      en: Action de grâce
- Christmas Day:
    public_holiday: true
    start_date: '2023-12-25'
    end_date: '2023-12-25'
    names:
      en: Noël
'2024':
- New Year's Day:
    public_holiday: true
    start_date: '2024-01-01'
    end_date: '2024-01-01'
    names:
      en: Jour de l'An
- New Year’s Holiday:
    public_holiday: true
    start_date: '2024-01-02'
    end_date: '2024-01-02'
    names:
      en: Vacances nouvel an
- Good Friday:
    public_holiday: true
    start_date: '2024-03-29'
    end_date: '2024-03-29'
    names:
      en: Vendredi saint
- Easter Monday:
    public_holiday: true
    start_date: '2024-04-01'
    end_date: '2024-04-01'
    names:
      en: Lundi de Pâques
- National Patriots’ Day:
    public_holiday: true
    start_date: '2024-05-20'
    end_date: '2024-05-20'
    names:
      en: Journée nationale des patriotes
- National Holiday of Quebec:
    public_holiday: true
    start_date: '2024-06-24'
    end_date: '2024-06-24'
    names:
      en: Fête nationale du Québec
- Canada Day:
    public_holiday: true
    start_date: '2024-07-01'
    end_date: '2024-07-01'
    names:
      en: Fête du Canada
- Labour Day:
    public_holiday: true
    start_date: '2024-09-02'
    end_date: '2024-09-02'
    names:
      en: Fête du travail
- Thanksgiving Day:
    public_holiday: true
    start_date: '2024-10-14'
    end_date: '2024-10-14'
    names:
      en: Action de grâce
- Christmas Day:
    public_holiday: true
    start_date: '2024-12-25'
    end_date: '2024-12-25'
    names:
      en: Noël
'2025':
- New Year's Day:
    public_holiday: true
    start_date: '2025-01-01'
    end_date: '2025-01-01'
    names:
      en: Jour de l'An
- New Year’s Holiday:
    public_holiday: true
    start_date: '2025-01-02'
    end_date: '2025-01-02'
    names:
      en: Vacances nouvel an
- Good Friday:
    public_holiday: true
    start_date: '2025-04-18'
    end_date: '2025-04-18'
    names:
      en: Vendredi saint
- Easter Monday:
    public_holiday: true
    start_date: '2025-04-21'
    end_date: '2025-04-21'
    names:
      en: Lundi de Pâques
- National Patriots’ Day:
    public_holiday: true
    start_date: '2025-05-19'
    end_date: '2025-05-19'
    names:
      en: Journée nationale des patriotes
- National Holiday of Quebec:
    public_holiday: true
    start_date: '2025-06-24'
    end_date: '2025-06-24'
    names:
      en: Fête nationale du Québec
- Canada Day:
    public_holiday: true
    start_date: '2025-07-01'
    end_date: '2025-07-01'
    names:
      en: Fête du Canada
- Labour Day:
    public_holiday: true
    start_date: '2025-09-01'
    end_date: '2025-09-01'
    names:
      en: Fête du travail
- Thanksgiving Day:
    public_holiday: true
    start_date: '2025-10-13'
    end_date: '2025-10-13'
    names:
      en: Action de grâce
- Christmas Day:
    public_holiday: true
    start_date: '2025-12-25'
    end_date: '2025-12-25'
    names:
      en: Noël
'2026':
- New Year's Day:
    public_holiday: true
    start_date: '2026-01-01'
    end_date: '2026-01-01'
    names:
      en: Jour de l'An
- New Year’s Holiday:
    public_holiday: true
    start_date: '2026-01-02'
    end_date: '2026-01-02'
    names:
      en: Vacances nouvel an
- Good Friday:
    public_holiday: true
    start_date: '2026-04-03'
    end_date: '2026-04-03'
    names:
      en: Vendredi saint
- Easter Monday:
    public_holiday: true
    start_date: '2026-04-06'
    end_date: '2026-04-06'
    names:
      en: Lundi de Pâques
- National Patriots’ Day:
    public_holiday: true
    start_date: '2026-05-18'
    end_date: '2026-05-18'
    names:
      en: Journée nationale des patriotes
- National Holiday of Quebec:
    public_holiday: true
    start_date: '2026-06-24'
    end_date: '2026-06-24'
    names:
      en: Fête nationale du Québec
- Canada Day:
    public_holiday: true
    start_date: '2026-07-01'
    end_date: '2026-07-01'
    names:
      en: Fête du Canada
- Labour Day:
    public_holiday: true
    start_date: '2026-09-07'
    end_date: '2026-09-07'
    names:
      en: Fête du travail
- Thanksgiving Day:
    public_holiday: true
    start_date: '2026-10-12'
    end_date: '2026-10-12'
    names:
      en: Action de grâce
- Christmas Day:
    public_holiday: true
    start_date: '2026-12-25'
    end_date: '2026-12-25'
    names:
      en: Noël
'2027':
- New Year's Day:
    public_holiday: true
    start_date: '2027-01-01'
    end_date: '2027-01-01'
    names:
      en: Jour de l'An
- New Year’s Holiday:
    public_holiday: true
    start_date: '2027-01-02'
    end_date: '2027-01-02'
    names:
      en: Vacances nouvel an
- Good Friday:
    public_holiday: true
    start_date: '2027-03-26'
    end_date: '2027-03-26'
    names:
      en: Vendredi saint
- Easter Monday:
    public_holiday: true
    start_date: '2027-03-29'
    end_date: '2027-03-29'
    names:
      en: Lundi de Pâques
- National Patriots’ Day:
    public_holiday: true
    start_date: '2027-05-24'
    end_date: '2027-05-24'
    names:
      en: Journée nationale des patriotes
- National Holiday of Quebec:
    public_holiday: true
    start_date: '2027-06-24'
    end_date: '2027-06-24'
    names:
      en: Fête nationale du Québec
- Canada Day:
    public_holiday: true
    start_date: '2027-07-01'
    end_date: '2027-07-01'
    names:
      en: Fête du Canada
- Labour Day:
    public_holiday: true
    start_date: '2027-09-06'
    end_date: '2027-09-06'
    names:
      en: Fête du travail
- Thanksgiving Day:
    public_holiday: true
    start_date: '2027-10-11'
    end_date: '2027-10-11'
    names:
      en: Action de grâce
- Christmas Day:
    public_holiday: true
    start_date: '2027-12-25'
    end_date: '2027-12-25'
    names:
      en: Noël
'2028':
- New Year's Day:
    public_holiday: true
    start_date: '2028-01-01'
    end_date: '2028-01-01'
    names:
      en: Jour de l'An
- New Year’s Holiday:
    public_holiday: true
    start_date: '2028-01-02'
    end_date: '2028-01-02'
    names:
      en: Vacances nouvel an
- Good Friday:
    public_holiday: true
    start_date: '2028-04-14'
    end_date: '2028-04-14'
    names:
      en: Vendredi saint
- Easter Monday:
    public_holiday: true
    start_date: '2028-04-17'
    end_date: '2028-04-17'
    names:
      en: Lundi de Pâques
- National Patriots’ Day:
    public_holiday: true
    start_date: '2028-05-22'
    end_date: '2028-05-22'
    names:
      en: Journée nationale des patriotes
- National Holiday of Quebec:
    public_holiday: true
    start_date: '2028-06-24'
    end_date: '2028-06-24'
    names:
      en: Fête nationale du Québec
- Canada Day:
    public_holiday: true
    start_date: '2028-07-01'
    end_date: '2028-07-01'
    names:
      en: Fête du Canada
- Labour Day:
    public_holiday: true
    start_date: '2028-09-04'
    end_date: '2028-09-04'
    names:
      en: Fête du travail
- Thanksgiving Day:
    public_holiday: true
    start_date: '2028-10-09'
    end_date: '2028-10-09'
    names:
      en: Action de grâce
- Christmas Day:
    public_holiday: true
    start_date: '2028-12-25'
    end_date: '2028-12-25'
    names:
      en: Noël
'2029':
- New Year's Day:
    public_holiday: true
    start_date: '2029-01-01'
    end_date: '2029-01-01'
    names:
      en: Jour de l'An
- New Year’s Holiday:
    public_holiday: true
    start_date: '2029-01-02'
    end_date: '2029-01-02'
    names:
      en: Vacances nouvel an
- Good Friday:
    public_holiday: true
    start_date: '2029-03-30'
    end_date: '2029-03-30'
    names:
      en: Vendredi saint
- Easter Monday:
    public_holiday: true
    start_date: '2029-04-02'
    end_date: '2029-04-02'
    names:
      en: Lundi de Pâques
- National Patriots’ Day:
    public_holiday: true
    start_date: '2029-05-21'
    end_date: '2029-05-21'
    names:
      en: Journée nationale des patriotes
- National Holiday of Quebec:
    public_holiday: true
    start_date: '2029-06-24'
    end_date: '2029-06-24'
    names:
      en: Fête nationale du Québec
- Canada Day:
    public_holiday: true
    start_date: '2029-07-02'
    end_date: '2029-07-02'
    names:
      en: Fête du Canada
- Labour Day:
    public_holiday: true
    start_date: '2029-09-03'
    end_date: '2029-09-03'
    names:
      en: Fête du travail
- Thanksgiving Day:
    public_holiday: true
    start_date: '2029-10-08'
    end_date: '2029-10-08'
    names:
      en: Action de grâce
- Christmas Day:
    public_holiday: true
    start_date: '2029-12-25'
    end_date: '2029-12-25'
    names:
      en: Noël
'2030':
- New Year's Day:
    public_holiday: true
    start_date: '2030-01-01'
    end_date: '2030-01-01'
    names:
      en: Jour de l'An
- New Year’s Holiday:
    public_holiday: true
    start_date: '2030-01-02'
    end_date: '2030-01-02'
    names:
      en: Vacances nouvel an
- Good Friday:
    public_holiday: true
    start_date: '2030-04-19'
    end_date: '2030-04-19'
    names:
      en: Vendredi saint
- Easter Monday:
    public_holiday: true
    start_date: '2030-04-22'
    end_date: '2030-04-22'
    names:
      en: Lundi de Pâques
- National Patriots’ Day:
    public_holiday: true
    start_date: '2030-05-20'
    end_date: '2030-05-20'
    names:
      en: Journée nationale des patriotes
- National Holiday of Quebec:
    public_holiday: true
    start_date: '2030-06-24'
    end_date: '2030-06-24'
    names:
      en: Fête nationale du Québec
- Canada Day:
    public_holiday: true
    start_date: '2030-07-01'
    end_date: '2030-07-01'
    names:
      en: Fête du Canada
- Labour Day:
    public_holiday: true
    start_date: '2030-09-02'
    end_date: '2030-09-02'
    names:
      en: Fête du travail
- Thanksgiving Day:
    public_holiday: true
    start_date: '2030-10-14'
    end_date: '2030-10-14'
    names:
      en: Action de grâce
- Christmas Day:
    public_holiday: true
    start_date: '2030-12-25'
    end_date: '2030-12-25'
    names:
      en: Noël
'2031':
- New Year's Day:
    public_holiday: true
    start_date: '2031-01-01'
    end_date: '2031-01-01'
    names:
      en: Jour de l'An
- New Year’s Holiday:
    public_holiday: true
    start_date: '2031-01-02'
    end_date: '2031-01-02'
    names:
      en: Vacances nouvel an
- Good Friday:
    public_holiday: true
    start_date: '2031-04-11'
    end_date: '2031-04-11'
    names:
      en: Vendredi saint
- Easter Monday:
    public_holiday: true
    start_date: '2031-04-14'
    end_date: '2031-04-14'
    names:
      en: Lundi de Pâques
- National Patriots’ Day:
    public_holiday: true
    start_date: '2031-05-19'
    end_date: '2031-05-19'
    names:
      en: Journée nationale des patriotes
- National Holiday of Quebec:
    public_holiday: true
    start_date: '2031-06-24'
    end_date: '2031-06-24'
    names:
      en: Fête nationale du Québec
- Canada Day:
    public_holiday: true
    start_date: '2031-07-01'
    end_date: '2031-07-01'
    names:
      en: Fête du Canada
- Labour Day:
    public_holiday: true
    start_date: '2031-09-01'
    end_date: '2031-09-01'
    names:
      en: Fête du travail
- Thanksgiving Day:
    public_holiday: true
    start_date: '2031-10-13'
    end_date: '2031-10-13'
    names:
      en: Action de grâce
- Christmas Day:
    public_holiday: true
    start_date: '2031-12-25'
    end_date: '2031-12-25'
    names:
      en: Noël
'2032':
- New Year's Day:
    public_holiday: true
    start_date: '2032-01-01'
    end_date: '2032-01-01'
    names:
      en: Jour de l'An
- New Year’s Holiday:
    public_holiday: true
    start_date: '2032-01-02'
    end_date: '2032-01-02'
    names:
      en: Vacances nouvel an
- Good Friday:
    public_holiday: true
    start_date: '2032-03-26'
    end_date: '2032-03-26'
    names:
      en: Vendredi saint
- Easter Monday:
    public_holiday: true
    start_date: '2032-03-29'
    end_date: '2032-03-29'
    names:
      en: Lundi de Pâques
- National Patriots’ Day:
    public_holiday: true
    start_date: '2032-05-24'
    end_date: '2032-05-24'
    names:
      en: Journée nationale des patriotes
- National Holiday of Quebec:
    public_holiday: true
    start_date: '2032-06-24'
    end_date: '2032-06-24'
    names:
      en: Fête nationale du Québec
- Canada Day:
    public_holiday: true
    start_date: '2032-07-01'
    end_date: '2032-07-01'
    names:
      en: Fête du Canada
- Labour Day:
    public_holiday: true
    start_date: '2032-09-06'
    end_date: '2032-09-06'
    names:
      en: Fête du travail
- Thanksgiving Day:
    public_holiday: true
    start_date: '2032-10-11'
    end_date: '2032-10-11'
    names:
      en: Action de grâce
- Christmas Day:
    public_holiday: true
    start_date: '2032-12-25'
    end_date: '2032-12-25'
    names:
      en: Noël
'2033':
- New Year's Day:
    public_holiday: true
    start_date: '2033-01-01'
    end_date: '2033-01-01'
    names:
      en: Jour de l'An
- New Year’s Holiday:
    public_holiday: true
    start_date: '2033-01-02'
    end_date: '2033-01-02'
    names:
      en: Vacances nouvel an
- Good Friday:
    public_holiday: true
    start_date: '2033-04-15'
    end_date: '2033-04-15'
    names:
      en: Vendredi saint
- Easter Monday:
    public_holiday: true
    start_date: '2033-04-18'
    end_date: '2033-04-18'
    names:
      en: Lundi de Pâques
- National Patriots’ Day:
    public_holiday: true
    start_date: '2033-05-23'
    end_date: '2033-05-23'
    names:
      en: Journée nationale des patriotes
- National Holiday of Quebec:
    public_holiday: true
    start_date: '2033-06-24'
    end_date: '2033-06-24'
    names:
      en: Fête nationale du Québec
- Canada Day:
    public_holiday: true
    start_date: '2033-07-01'
    end_date: '2033-07-01'
    names:
      en: Fête du Canada
- Labour Day:
    public_holiday: true
    start_date: '2033-09-05'
    end_date: '2033-09-05'
    names:
      en: Fête du travail
- Thanksgiving Day:
    public_holiday: true
    start_date: '2033-10-10'
    end_date: '2033-10-10'
    names:
      en: Action de grâce
- Christmas Day:
    public_holiday: true
    start_date: '2033-12-25'
    end_date: '2033-12-25'
    names:
      en: Noël
'2034':
- New Year's Day:
    public_holiday: true
    start_date: '2034-01-01'
    end_date: '2034-01-01'
    names:
      en: Jour de l'An
- New Year’s Holiday:
    public_holiday: true
    start_date: '2034-01-02'
    end_date: '2034-01-02'
    names:
      en: Vacances nouvel an
- Good Friday:
    public_holiday: true
    start_date: '2034-04-07'
    end_date: '2034-04-07'
    names:
      en: Vendredi saint
- Easter Monday:
    public_holiday: true
    start_date: '2034-04-10'
    end_date: '2034-04-10'
    names:
      en: Lundi de Pâques
- National Patriots’ Day:
    public_holiday: true
    start_date: '2034-05-22'
    end_date: '2034-05-22'
    names:
      en: Journée nationale des patriotes
- National Holiday of Quebec:
    public_holiday: true
    start_date: '2034-06-24'
    end_date: '2034-06-24'
    names:
      en: Fête nationale du Québec
- Canada Day:
    public_holiday: true
    start_date: '2034-07-01'
    end_date: '2034-07-01'
    names:
      en: Fête du Canada
- Labour Day:
    public_holiday: true
    start_date: '2034-09-04'
    end_date: '2034-09-04'
    names:
      en: Fête du travail
- Thanksgiving Day:
    public_holiday: true
    start_date: '2034-10-09'
    end_date: '2034-10-09'
    names:
      en: Action de grâce
- Christmas Day:
    public_holiday: true
    start_date: '2034-12-25'
    end_date: '2034-12-25'
    names:
      en: Noël
'2035':
- New Year's Day:
    public_holiday: true
    start_date: '2035-01-01'
    end_date: '2035-01-01'
    names:
      en: Jour de l'An
- New Year’s Holiday:
    public_holiday: true
    start_date: '2035-01-02'
    end_date: '2035-01-02'
    names:
      en: Vacances nouvel an
- Good Friday:
    public_holiday: true
    start_date: '2035-03-23'
    end_date: '2035-03-23'
    names:
      en: Vendredi saint
- Easter Monday:
    public_holiday: true
    start_date: '2035-03-26'
    end_date: '2035-03-26'
    names:
      en: Lundi de Pâques
- National Patriots’ Day:
    public_holiday: true
    start_date: '2035-05-21'
    end_date: '2035-05-21'
    names:
      en: Journée nationale des patriotes
- National Holiday of Quebec:
    public_holiday: true
    start_date: '2035-06-24'
    end_date: '2035-06-24'
    names:
      en: Fête nationale du Québec
- Canada Day:
    public_holiday: true
    start_date: '2035-07-02'
    end_date: '2035-07-02'
    names:
      en: Fête du Canada
- Labour Day:
    public_holiday: true
    start_date: '2035-09-03'
    end_date: '2035-09-03'
    names:
      en: Fête du travail
- Thanksgiving Day:
    public_holiday: true
    start_date: '2035-10-08'
    end_date: '2035-10-08'
    names:
      en: Action de grâce
- Christmas Day:
    public_holiday: true
    start_date: '2035-12-25'
    end_date: '2035-12-25'
    names:
      en: Noël
'2036':
- New Year's Day:
    public_holiday: true
    start_date: '2036-01-01'
    end_date: '2036-01-01'
    names:
      en: Jour de l'An
- New Year’s Holiday:
    public_holiday: true
    start_date: '2036-01-02'
    end_date: '2036-01-02'
    names:
      en: Vacances nouvel an
- Good Friday:
    public_holiday: true
    start_date: '2036-04-11'
    end_date: '2036-04-11'
    names:
      en: Vendredi saint
- Easter Monday:
    public_holiday: true
    start_date: '2036-04-14'
    end_date: '2036-04-14'
    names:
      en: Lundi de Pâques
- National Patriots’ Day:
    public_holiday: true
    start_date: '2036-05-19'
    end_date: '2036-05-19'
    names:
      en: Journée nationale des patriotes
- National Holiday of Quebec:
    public_holiday: true
    start_date: '2036-06-24'
    end_date: '2036-06-24'
    names:
      en: Fête nationale du Québec
- Canada Day:
    public_holiday: true
    start_date: '2036-07-01'
    end_date: '2036-07-01'
    names:
      en: Fête du Canada
- Labour Day:
    public_holiday: true
    start_date: '2036-09-01'
    end_date: '2036-09-01'
    names:
      en: Fête du travail
- Thanksgiving Day:
    public_holiday: true
    start_date: '2036-10-13'
    end_date: '2036-10-13'
    names:
      en: Action de grâce
- Christmas Day:
    public_holiday: true
    start_date: '2036-12-25'
    end_date: '2036-12-25'
    names:
      en: Noël
'2037':
- New Year's Day:
    public_holiday: true
    start_date: '2037-01-01'
    end_date: '2037-01-01'
    names:
      en: Jour de l'An
- New Year’s Holiday:
    public_holiday: true
    start_date: '2037-01-02'
    end_date: '2037-01-02'
    names:
      en: Vacances nouvel an
- Good Friday:
    public_holiday: true
    start_date: '2037-04-03'
    end_date: '2037-04-03'
    names:
      en: Vendredi saint
- Easter Monday:
    public_holiday: true
    start_date: '2037-04-06'
    end_date: '2037-04-06'
    names:
      en: Lundi de Pâques
- National Patriots’ Day:
    public_holiday: true
    start_date: '2037-05-18'
    end_date: '2037-05-18'
    names:
      en: Journée nationale des patriotes
- National Holiday of Quebec:
    public_holiday: true
    start_date: '2037-06-24'
    end_date: '2037-06-24'
    names:
      en: Fête nationale du Québec
- Canada Day:
    public_holiday: true
    start_date: '2037-07-01'
    end_date: '2037-07-01'
    names:
      en: Fête du Canada
- Labour Day:
    public_holiday: true
    start_date: '2037-09-07'
    end_date: '2037-09-07'
    names:
      en: Fête du travail
- Thanksgiving Day:
    public_holiday: true
    start_date: '2037-10-12'
    end_date: '2037-10-12'
    names:
      en: Action de grâce
- Christmas Day:
    public_holiday: true
    start_date: '2037-12-25'
    end_date: '2037-12-25'
    names:
      en: Noël
'2038':
- New Year's Day:
    public_holiday: true
    start_date: '2038-01-01'
    end_date: '2038-01-01'
    names:
      en: Jour de l'An
- New Year’s Holiday:
    public_holiday: true
    start_date: '2038-01-02'
    end_date: '2038-01-02'
    names:
      en: Vacances nouvel an
- Good Friday:
    public_holiday: true
    start_date: '2038-04-23'
    end_date: '2038-04-23'
    names:
      en: Vendredi saint
- Easter Monday:
    public_holiday: true
    start_date: '2038-04-26'
    end_date: '2038-04-26'
    names:
      en: Lundi de Pâques
- National Patriots’ Day:
    public_holiday: true
    start_date: '2038-05-24'
    end_date: '2038-05-24'
    names:
      en: Journée nationale des patriotes
- National Holiday of Quebec:
    public_holiday: true
    start_date: '2038-06-24'
    end_date: '2038-06-24'
    names:
      en: Fête nationale du Québec
- Canada Day:
    public_holiday: true
    start_date: '2038-07-01'
    end_date: '2038-07-01'
    names:
      en: Fête du Canada
- Labour Day:
    public_holiday: true
    start_date: '2038-09-06'
    end_date: '2038-09-06'
    names:
      en: Fête du travail
- Thanksgiving Day:
    public_holiday: true
    start_date: '2038-10-11'
    end_date: '2038-10-11'
    names:
      en: Action de grâce
- Christmas Day:
    public_holiday: true
    start_date: '2038-12-25'
    end_date: '2038-12-25'
    names:
      en: Noël
'2039':
- New Year's Day:
    public_holiday: true
    start_date: '2039-01-01'
    end_date: '2039-01-01'
    names:
      en: Jour de l'An
- New Year’s Holiday:
    public_holiday: true
    start_date: '2039-01-02'
    end_date: '2039-01-02'
    names:
      en: Vacances nouvel an
- Good Friday:
    public_holiday: true
    start_date: '2039-04-08'
    end_date: '2039-04-08'
    names:
      en: Vendredi saint
- Easter Monday:
    public_holiday: true
    start_date: '2039-04-11'
    end_date: '2039-04-11'
    names:
      en: Lundi de Pâques
- National Patriots’ Day:
    public_holiday: true
    start_date: '2039-05-23'
    end_date: '2039-05-23'
    names:
      en: Journée nationale des patriotes
- National Holiday of Quebec:
    public_holiday: true
    start_date: '2039-06-24'
    end_date: '2039-06-24'
    names:
      en: Fête nationale du Québec
- Canada Day:
    public_holiday: true
    start_date: '2039-07-01'
    end_date: '2039-07-01'
    names:
      en: Fête du Canada
- Labour Day:
    public_holiday: true
    start_date: '2039-09-05'
    end_date: '2039-09-05'
    names:
      en: Fête du travail
- Thanksgiving Day:
    public_holiday: true
    start_date: '2039-10-10'
    end_date: '2039-10-10'
    names:
      en: Action de grâce
- Christmas Day:
    public_holiday: true
    start_date: '2039-12-25'
    end_date: '2039-12-25'
    names:
      en: Noël
'2040':
- New Year's Day:
    public_holiday: true
    start_date: '2040-01-01'
    end_date: '2040-01-01'
    names:
      en: Jour de l'An
- New Year’s Holiday:
    public_holiday: true
    start_date: '2040-01-02'
    end_date: '2040-01-02'
    names:
      en: Vacances nouvel an
- Good Friday:
    public_holiday: true
    start_date: '2040-03-30'
    end_date: '2040-03-30'
    names:
      en: Vendredi saint
- Easter Monday:
    public_holiday: true
    start_date: '2040-04-02'
    end_date: '2040-04-02'
    names:
      en: Lundi de Pâques
- National Patriots’ Day:
    public_holiday: true
    start_date: '2040-05-21'
    end_date: '2040-05-21'
    names:
      en: Journée nationale des patriotes
- National Holiday of Quebec:
    public_holiday: true
    start_date: '2040-06-24'
    end_date: '2040-06-24'
    names:
      en: Fête nationale du Québec
- Canada Day:
    public_holiday: true
    start_date: '2040-07-02'
    end_date: '2040-07-02'
    names:
      en: Fête du Canada
- Labour Day:
    public_holiday: true
    start_date: '2040-09-03'
    end_date: '2040-09-03'
    names:
      en: Fête du travail
- Thanksgiving Day:
    public_holiday: true
    start_date: '2040-10-08'
    end_date: '2040-10-08'
    names:
      en: Action de grâce
- Christmas Day:
    public_holiday: true
    start_date: '2040-12-25'
    end_date: '2040-12-25'
    names:
      en: Noël
